spriteSystem.ts:147 🔍 Mapeamento gerado (spriteSystem): {0: '0001', 1: '0003', 2: '0005', 3: '0007', 4: '0009', 5: '0011', 6: '0013', 7: '0015', 8: '0017', 9: '0019'}
spriteSystem.ts:147 🔍 Mapeamento gerado (spriteSystem): {0: '0001', 1: '0003', 2: '0005', 3: '0007', 4: '0009', 5: '0011', 6: '0013', 7: '0015', 8: '0017', 9: '0019'}
spriteSystem.ts:147 🔍 Mapeamento gerado (spriteSystem): {0: '0001', 1: '0003', 2: '0005', 3: '0007', 4: '0009', 5: '0011', 6: '0013', 7: '0015', 8: '0017', 9: '0019'}
spriteSystem.ts:147 🔍 Mapeamento gerado (spriteSystem): {0: '0001', 1: '0003', 2: '0005', 3: '0007', 4: '0009', 5: '0011', 6: '0013', 7: '0015', 8: '0017', 9: '0019'}
spriteSystem.ts:147 🔍 Mapeamento gerado (spriteSystem): {0: '0001', 1: '0002', 2: '0003', 3: '0004', 4: '0005', 5: '0006', 6: '0007', 7: '0008', 8: '0009', 9: '0010', 10: '0011', 11: '0012', 12: '0013', 13: '0014', 14: '0015', 15: '0016', 16: '0017', 17: '0018', 18: '0019', 19: '0020', 20: '0021', 21: '0022', 22: '0023', 23: '0024', 24: '0025', 25: '0026', 26: '0027', 27: '0028', 28: '0029', 29: '0030', 30: '0031', 31: '0032', 32: '0033', 33: '0034', 34: '0035', 35: '0036'}
spriteSystem.ts:147 🔍 Mapeamento gerado (spriteSystem): {0: '0001', 1: '0003', 2: '0005', 3: '0007', 4: '0009', 5: '0011', 6: '0013', 7: '0015', 8: '0017', 9: '0019'}
useSpriteLoading.ts:22 🔑 [SpriteLoading] Chave gerada:  | IDs originais: []
installHook.js:1 🔑 [SpriteLoading] Chave gerada:  | IDs originais: []
useSpriteLoading.ts:37 🎨 [SpriteLoading] Disparo do efeito com: []
useSpriteLoading.ts:40 ⚠️ [SpriteLoading] Nenhum personagem para carregar
App.tsx:437 [HitsTracker] 🔄 Sincronizado hitsRef.current = 0
App.tsx:442 [HitsTracker] 🔄 Sincronizado newsHistoryLengthRef.current = 0
useOrientationDetection.ts:38 🔍 ORIENTAÇÃO DEBUG: === MÚLTIPLAS DETECÇÕES ===
useOrientationDetection.ts:39 🔍 ORIENTAÇÃO DEBUG: Window: 1389 x 874
useOrientationDetection.ts:40 🔍 ORIENTAÇÃO DEBUG: Screen: 1920 x 1080
useOrientationDetection.ts:41 🔍 ORIENTAÇÃO DEBUG: VisualViewport: 1389 x 874
useOrientationDetection.ts:42 🔍 ORIENTAÇÃO DEBUG: Document: 1389 x 874
useOrientationDetection.ts:53 🔍 ORIENTAÇÃO DEBUG: ESCOLHIDO: 1389 x 874 | Portrait: false | Método: window.inner
App.tsx:868 isMobile: false
App.tsx:869 isTablet: false
App.tsx:892 🐵 Macacos inicializados: (4) [{…}, {…}, {…}, {…}]
App.tsx:931 🎮 [GameStart] Estado atual: {pendingSelectedCharacters: null, isLoading: false, error: null, progress: 0, playerPosition: {…}}
App.tsx:940 ⏭️ [GameStart] Sem personagens pendentes, pulando...
installHook.js:1 🎨 [SpriteLoading] Disparo do efeito com: []
installHook.js:1 ⚠️ [SpriteLoading] Nenhum personagem para carregar
installHook.js:1 [HitsTracker] 🔄 Sincronizado hitsRef.current = 0
installHook.js:1 [HitsTracker] 🔄 Sincronizado newsHistoryLengthRef.current = 0
installHook.js:1 🔍 ORIENTAÇÃO DEBUG: === MÚLTIPLAS DETECÇÕES ===
installHook.js:1 🔍 ORIENTAÇÃO DEBUG: Window: 1389 x 874
installHook.js:1 🔍 ORIENTAÇÃO DEBUG: Screen: 1920 x 1080
installHook.js:1 🔍 ORIENTAÇÃO DEBUG: VisualViewport: 1389 x 874
installHook.js:1 🔍 ORIENTAÇÃO DEBUG: Document: 1389 x 874
installHook.js:1 🔍 ORIENTAÇÃO DEBUG: ESCOLHIDO: 1389 x 874 | Portrait: false | Método: window.inner
installHook.js:1 isMobile: false
installHook.js:1 isTablet: false
installHook.js:1 🐵 Macacos inicializados: (4) [{…}, {…}, {…}, {…}]
installHook.js:1 🎮 [GameStart] Estado atual: {pendingSelectedCharacters: null, isLoading: false, error: null, progress: 0, playerPosition: {…}}
installHook.js:1 ⏭️ [GameStart] Sem personagens pendentes, pulando...
(index):1 <meta name="apple-mobile-web-app-capable" content="yes"> is deprecated. Please include <meta name="mobile-web-app-capable" content="yes">
CharacterSelection.tsx:188 🎮 [CharacterSelection] handleStartGame chamado {isLoading: false, selectedCharacters: Array(1), minPlayers: 1}
CharacterSelection.tsx:200 ✅ [CharacterSelection] Chamando onPlayersSelected com: ['julia']
App.tsx:1452 🎯 [CharacterSelection] Personagens selecionados: ['julia']
 🤖 [CharacterSelection] Adicionando tiabel36 automaticamente: (2) ['tiabel36', 'julia']
 ✅ [CharacterSelection] Personagens definidos como pendentes
 🔑 [SpriteLoading] Chave gerada: julia,tiabel36 | IDs originais: (2) ['tiabel36', 'julia']
 🔑 [SpriteLoading] Chave gerada: julia,tiabel36 | IDs originais: (2) ['tiabel36', 'julia']
 🎯 [SpriteLoading] IDs normalizados: (2) ['julia', 'tiabel36']
 🎯 [SpriteLoading] IDs normalizados: (2) ['julia', 'tiabel36']
 🎨 [SpriteLoading] Disparo do efeito com: (2) ['julia', 'tiabel36']
 📦 [SpriteLoading] Iniciando estado de loading...
 🔍 Mapeamento gerado (fixed): julia down 0001 /assets/sprites/julia/julia_BE_128/frame_0001.png
 🔍 Mapeamento gerado (fixed): julia down 0004 /assets/sprites/julia/julia_BE_128/frame_0004.png
 🔍 Mapeamento gerado (fixed): julia down 0006 /assets/sprites/julia/julia_BE_128/frame_0006.png
 🔍 Mapeamento gerado (fixed): julia down 0009 /assets/sprites/julia/julia_BE_128/frame_0009.png
 🔍 Mapeamento gerado (fixed): julia down 0011 /assets/sprites/julia/julia_BE_128/frame_0011.png
 🔍 Mapeamento gerado (fixed): julia down 0014 /assets/sprites/julia/julia_BE_128/frame_0014.png
 🔍 Mapeamento gerado (fixed): julia down 0016 /assets/sprites/julia/julia_BE_128/frame_0016.png
 🔍 Mapeamento gerado (fixed): julia down 0019 /assets/sprites/julia/julia_BE_128/frame_0019.png
 🔍 Mapeamento gerado (fixed): julia down 0021 /assets/sprites/julia/julia_BE_128/frame_0021.png
 🔍 Mapeamento gerado (fixed): julia down 0024 /assets/sprites/julia/julia_BE_128/frame_0024.png
 🔍 Mapeamento gerado (fixed): julia left 0001 /assets/sprites/julia/julia_CE_128/frame_0001.png
 🔍 Mapeamento gerado (fixed): julia left 0004 /assets/sprites/julia/julia_CE_128/frame_0004.png
 🔍 Mapeamento gerado (fixed): julia left 0006 /assets/sprites/julia/julia_CE_128/frame_0006.png
 🔍 Mapeamento gerado (fixed): julia left 0009 /assets/sprites/julia/julia_CE_128/frame_0009.png
 🔍 Mapeamento gerado (fixed): julia left 0011 /assets/sprites/julia/julia_CE_128/frame_0011.png
 🔍 Mapeamento gerado (fixed): julia left 0014 /assets/sprites/julia/julia_CE_128/frame_0014.png
 🔍 Mapeamento gerado (fixed): julia left 0016 /assets/sprites/julia/julia_CE_128/frame_0016.png
 🔍 Mapeamento gerado (fixed): julia left 0019 /assets/sprites/julia/julia_CE_128/frame_0019.png
 🔍 Mapeamento gerado (fixed): julia left 0021 /assets/sprites/julia/julia_CE_128/frame_0021.png
 🔍 Mapeamento gerado (fixed): julia left 0024 /assets/sprites/julia/julia_CE_128/frame_0024.png
 🔍 Mapeamento gerado (fixed): julia right 0001 /assets/sprites/julia/julia_BD_128/frame_0001.png
 🔍 Mapeamento gerado (fixed): julia right 0004 /assets/sprites/julia/julia_BD_128/frame_0004.png
 🔍 Mapeamento gerado (fixed): julia right 0006 /assets/sprites/julia/julia_BD_128/frame_0006.png
 🔍 Mapeamento gerado (fixed): julia right 0009 /assets/sprites/julia/julia_BD_128/frame_0009.png
 🔍 Mapeamento gerado (fixed): julia right 0011 /assets/sprites/julia/julia_BD_128/frame_0011.png
 🔍 Mapeamento gerado (fixed): julia right 0014 /assets/sprites/julia/julia_BD_128/frame_0014.png
 🔍 Mapeamento gerado (fixed): julia right 0016 /assets/sprites/julia/julia_BD_128/frame_0016.png
 🔍 Mapeamento gerado (fixed): julia right 0019 /assets/sprites/julia/julia_BD_128/frame_0019.png
 🔍 Mapeamento gerado (fixed): julia right 0021 /assets/sprites/julia/julia_BD_128/frame_0021.png
 🔍 Mapeamento gerado (fixed): julia right 0024 /assets/sprites/julia/julia_BD_128/frame_0024.png
 🔍 Mapeamento gerado (fixed): julia up 0001 /assets/sprites/julia/julia_CD_128/frame_0001.png
 🔍 Mapeamento gerado (fixed): julia up 0004 /assets/sprites/julia/julia_CD_128/frame_0004.png
 🔍 Mapeamento gerado (fixed): julia up 0006 /assets/sprites/julia/julia_CD_128/frame_0006.png
 🔍 Mapeamento gerado (fixed): julia up 0009 /assets/sprites/julia/julia_CD_128/frame_0009.png
 🔍 Mapeamento gerado (fixed): julia up 0011 /assets/sprites/julia/julia_CD_128/frame_0011.png
 🔍 Mapeamento gerado (fixed): julia up 0014 /assets/sprites/julia/julia_CD_128/frame_0014.png
 🔍 Mapeamento gerado (fixed): julia up 0016 /assets/sprites/julia/julia_CD_128/frame_0016.png
 🔍 Mapeamento gerado (fixed): julia up 0019 /assets/sprites/julia/julia_CD_128/frame_0019.png
 🔍 Mapeamento gerado (fixed): julia up 0021 /assets/sprites/julia/julia_CD_128/frame_0021.png
 🔍 Mapeamento gerado (fixed): julia up 0024 /assets/sprites/julia/julia_CD_128/frame_0024.png
 🔍 Mapeamento gerado (fixed): tiabel36 down 0000 /assets/sprites/tiabel36/tiabel36_BE_128/frame_0000.png
 🔍 Mapeamento gerado (fixed): tiabel36 down 0001 /assets/sprites/tiabel36/tiabel36_BE_128/frame_0001.png
 🔍 Mapeamento gerado (fixed): tiabel36 down 0002 /assets/sprites/tiabel36/tiabel36_BE_128/frame_0002.png
 🔍 Mapeamento gerado (fixed): tiabel36 down 0003 /assets/sprites/tiabel36/tiabel36_BE_128/frame_0003.png
 🔍 Mapeamento gerado (fixed): tiabel36 down 0004 /assets/sprites/tiabel36/tiabel36_BE_128/frame_0004.png
 🔍 Mapeamento gerado (fixed): tiabel36 down 0005 /assets/sprites/tiabel36/tiabel36_BE_128/frame_0005.png
 🔍 Mapeamento gerado (fixed): tiabel36 down 0006 /assets/sprites/tiabel36/tiabel36_BE_128/frame_0006.png
 🔍 Mapeamento gerado (fixed): tiabel36 down 0007 /assets/sprites/tiabel36/tiabel36_BE_128/frame_0007.png
 🔍 Mapeamento gerado (fixed): tiabel36 down 0008 /assets/sprites/tiabel36/tiabel36_BE_128/frame_0008.png
 🔍 Mapeamento gerado (fixed): tiabel36 down 0009 /assets/sprites/tiabel36/tiabel36_BE_128/frame_0009.png
 🔍 Mapeamento gerado (fixed): tiabel36 down 0010 /assets/sprites/tiabel36/tiabel36_BE_128/frame_0010.png
 🔍 Mapeamento gerado (fixed): tiabel36 down 0011 /assets/sprites/tiabel36/tiabel36_BE_128/frame_0011.png
 🔍 Mapeamento gerado (fixed): tiabel36 down 0012 /assets/sprites/tiabel36/tiabel36_BE_128/frame_0012.png
 🔍 Mapeamento gerado (fixed): tiabel36 down 0013 /assets/sprites/tiabel36/tiabel36_BE_128/frame_0013.png
 🔍 Mapeamento gerado (fixed): tiabel36 down 0014 /assets/sprites/tiabel36/tiabel36_BE_128/frame_0014.png
 🔍 Mapeamento gerado (fixed): tiabel36 down 0015 /assets/sprites/tiabel36/tiabel36_BE_128/frame_0015.png
 🔍 Mapeamento gerado (fixed): tiabel36 down 0016 /assets/sprites/tiabel36/tiabel36_BE_128/frame_0016.png
 🔍 Mapeamento gerado (fixed): tiabel36 down 0017 /assets/sprites/tiabel36/tiabel36_BE_128/frame_0017.png
 🔍 Mapeamento gerado (fixed): tiabel36 down 0018 /assets/sprites/tiabel36/tiabel36_BE_128/frame_0018.png
 🔍 Mapeamento gerado (fixed): tiabel36 down 0019 /assets/sprites/tiabel36/tiabel36_BE_128/frame_0019.png
 🔍 Mapeamento gerado (fixed): tiabel36 down 0020 /assets/sprites/tiabel36/tiabel36_BE_128/frame_0020.png
 🔍 Mapeamento gerado (fixed): tiabel36 down 0021 /assets/sprites/tiabel36/tiabel36_BE_128/frame_0021.png
 🔍 Mapeamento gerado (fixed): tiabel36 down 0022 /assets/sprites/tiabel36/tiabel36_BE_128/frame_0022.png
 🔍 Mapeamento gerado (fixed): tiabel36 down 0023 /assets/sprites/tiabel36/tiabel36_BE_128/frame_0023.png
 🔍 Mapeamento gerado (fixed): tiabel36 down 0024 /assets/sprites/tiabel36/tiabel36_BE_128/frame_0024.png
spriteSystemFixed.ts:51 🔍 Mapeamento gerado (fixed): tiabel36 down 0025 /assets/sprites/tiabel36/tiabel36_BE_128/frame_0025.png
spriteSystemFixed.ts:51 🔍 Mapeamento gerado (fixed): tiabel36 down 0026 /assets/sprites/tiabel36/tiabel36_BE_128/frame_0026.png
spriteSystemFixed.ts:51 🔍 Mapeamento gerado (fixed): tiabel36 down 0027 /assets/sprites/tiabel36/tiabel36_BE_128/frame_0027.png
spriteSystemFixed.ts:51 🔍 Mapeamento gerado (fixed): tiabel36 down 0028 /assets/sprites/tiabel36/tiabel36_BE_128/frame_0028.png
spriteSystemFixed.ts:51 🔍 Mapeamento gerado (fixed): tiabel36 down 0029 /assets/sprites/tiabel36/tiabel36_BE_128/frame_0029.png
spriteSystemFixed.ts:51 🔍 Mapeamento gerado (fixed): tiabel36 down 0030 /assets/sprites/tiabel36/tiabel36_BE_128/frame_0030.png
spriteSystemFixed.ts:51 🔍 Mapeamento gerado (fixed): tiabel36 down 0031 /assets/sprites/tiabel36/tiabel36_BE_128/frame_0031.png
spriteSystemFixed.ts:51 🔍 Mapeamento gerado (fixed): tiabel36 down 0032 /assets/sprites/tiabel36/tiabel36_BE_128/frame_0032.png
spriteSystemFixed.ts:51 🔍 Mapeamento gerado (fixed): tiabel36 down 0033 /assets/sprites/tiabel36/tiabel36_BE_128/frame_0033.png
spriteSystemFixed.ts:51 🔍 Mapeamento gerado (fixed): tiabel36 down 0034 /assets/sprites/tiabel36/tiabel36_BE_128/frame_0034.png
spriteSystemFixed.ts:51 🔍 Mapeamento gerado (fixed): tiabel36 down 0035 /assets/sprites/tiabel36/tiabel36_BE_128/frame_0035.png
useSpriteLoading.ts:57 🔍 [SpriteLoading] URLs para carregar: (76) ['/assets/sprites/julia/julia_BE_128/frame_0001.png', '/assets/sprites/julia/julia_BE_128/frame_0004.png', '/assets/sprites/julia/julia_BE_128/frame_0006.png', '/assets/sprites/julia/julia_BE_128/frame_0009.png', '/assets/sprites/julia/julia_BE_128/frame_0011.png', '/assets/sprites/julia/julia_BE_128/frame_0014.png', '/assets/sprites/julia/julia_BE_128/frame_0016.png', '/assets/sprites/julia/julia_BE_128/frame_0019.png', '/assets/sprites/julia/julia_BE_128/frame_0021.png', '/assets/sprites/julia/julia_BE_128/frame_0024.png', '/assets/sprites/julia/julia_CE_128/frame_0001.png', '/assets/sprites/julia/julia_CE_128/frame_0004.png', '/assets/sprites/julia/julia_CE_128/frame_0006.png', '/assets/sprites/julia/julia_CE_128/frame_0009.png', '/assets/sprites/julia/julia_CE_128/frame_0011.png', '/assets/sprites/julia/julia_CE_128/frame_0014.png', '/assets/sprites/julia/julia_CE_128/frame_0016.png', '/assets/sprites/julia/julia_CE_128/frame_0019.png', '/assets/sprites/julia/julia_CE_128/frame_0021.png', '/assets/sprites/julia/julia_CE_128/frame_0024.png', '/assets/sprites/julia/julia_BD_128/frame_0001.png', '/assets/sprites/julia/julia_BD_128/frame_0004.png', '/assets/sprites/julia/julia_BD_128/frame_0006.png', '/assets/sprites/julia/julia_BD_128/frame_0009.png', '/assets/sprites/julia/julia_BD_128/frame_0011.png', '/assets/sprites/julia/julia_BD_128/frame_0014.png', '/assets/sprites/julia/julia_BD_128/frame_0016.png', '/assets/sprites/julia/julia_BD_128/frame_0019.png', '/assets/sprites/julia/julia_BD_128/frame_0021.png', '/assets/sprites/julia/julia_BD_128/frame_0024.png', '/assets/sprites/julia/julia_CD_128/frame_0001.png', '/assets/sprites/julia/julia_CD_128/frame_0004.png', '/assets/sprites/julia/julia_CD_128/frame_0006.png', '/assets/sprites/julia/julia_CD_128/frame_0009.png', '/assets/sprites/julia/julia_CD_128/frame_0011.png', '/assets/sprites/julia/julia_CD_128/frame_0014.png', '/assets/sprites/julia/julia_CD_128/frame_0016.png', '/assets/sprites/julia/julia_CD_128/frame_0019.png', '/assets/sprites/julia/julia_CD_128/frame_0021.png', '/assets/sprites/julia/julia_CD_128/frame_0024.png', '/assets/sprites/tiabel36/tiabel36_BE_128/frame_0000.png', '/assets/sprites/tiabel36/tiabel36_BE_128/frame_0001.png', '/assets/sprites/tiabel36/tiabel36_BE_128/frame_0002.png', '/assets/sprites/tiabel36/tiabel36_BE_128/frame_0003.png', '/assets/sprites/tiabel36/tiabel36_BE_128/frame_0004.png', '/assets/sprites/tiabel36/tiabel36_BE_128/frame_0005.png', '/assets/sprites/tiabel36/tiabel36_BE_128/frame_0006.png', '/assets/sprites/tiabel36/tiabel36_BE_128/frame_0007.png', '/assets/sprites/tiabel36/tiabel36_BE_128/frame_0008.png', '/assets/sprites/tiabel36/tiabel36_BE_128/frame_0009.png', '/assets/sprites/tiabel36/tiabel36_BE_128/frame_0010.png', '/assets/sprites/tiabel36/tiabel36_BE_128/frame_0011.png', '/assets/sprites/tiabel36/tiabel36_BE_128/frame_0012.png', '/assets/sprites/tiabel36/tiabel36_BE_128/frame_0013.png', '/assets/sprites/tiabel36/tiabel36_BE_128/frame_0014.png', '/assets/sprites/tiabel36/tiabel36_BE_128/frame_0015.png', '/assets/sprites/tiabel36/tiabel36_BE_128/frame_0016.png', '/assets/sprites/tiabel36/tiabel36_BE_128/frame_0017.png', '/assets/sprites/tiabel36/tiabel36_BE_128/frame_0018.png', '/assets/sprites/tiabel36/tiabel36_BE_128/frame_0019.png', '/assets/sprites/tiabel36/tiabel36_BE_128/frame_0020.png', '/assets/sprites/tiabel36/tiabel36_BE_128/frame_0021.png', '/assets/sprites/tiabel36/tiabel36_BE_128/frame_0022.png', '/assets/sprites/tiabel36/tiabel36_BE_128/frame_0023.png', '/assets/sprites/tiabel36/tiabel36_BE_128/frame_0024.png', '/assets/sprites/tiabel36/tiabel36_BE_128/frame_0025.png', '/assets/sprites/tiabel36/tiabel36_BE_128/frame_0026.png', '/assets/sprites/tiabel36/tiabel36_BE_128/frame_0027.png', '/assets/sprites/tiabel36/tiabel36_BE_128/frame_0028.png', '/assets/sprites/tiabel36/tiabel36_BE_128/frame_0029.png', '/assets/sprites/tiabel36/tiabel36_BE_128/frame_0030.png', '/assets/sprites/tiabel36/tiabel36_BE_128/frame_0031.png', '/assets/sprites/tiabel36/tiabel36_BE_128/frame_0032.png', '/assets/sprites/tiabel36/tiabel36_BE_128/frame_0033.png', '/assets/sprites/tiabel36/tiabel36_BE_128/frame_0034.png', '/assets/sprites/tiabel36/tiabel36_BE_128/frame_0035.png']
useSpriteLoading.ts:59 🖼️ [SpriteLoading] Total de URLs para carregar: 76
useSpriteLoading.ts:60 📋 [SpriteLoading] Personagens a carregar: (2) ['julia', 'tiabel36']
useSpriteLoading.ts:66 📸 [SpriteLoading] Primeiras URLs: (3) ['/assets/sprites/julia/julia_BE_128/frame_0001.png', '/assets/sprites/julia/julia_BE_128/frame_0004.png', '/assets/sprites/julia/julia_BE_128/frame_0006.png']
useSpriteLoading.ts:67 📸 [SpriteLoading] Últimas URLs: (3) ['/assets/sprites/tiabel36/tiabel36_BE_128/frame_0033.png', '/assets/sprites/tiabel36/tiabel36_BE_128/frame_0034.png', '/assets/sprites/tiabel36/tiabel36_BE_128/frame_0035.png']
App.tsx:931 🎮 [GameStart] Estado atual: {pendingSelectedCharacters: Array(2), isLoading: false, error: null, progress: 0, playerPosition: {…}}
App.tsx:956 ⏳ [GameStart] Aguardando sprites... Progresso: 0%
App.tsx:931 🎮 [GameStart] Estado atual: {pendingSelectedCharacters: Array(2), isLoading: true, error: null, progress: 0, playerPosition: {…}}
App.tsx:945 ⏳ [GameStart] Sprites ainda carregando, aguardando...
useSpriteLoading.ts:90 📊 [SpriteLoading] Progresso: 10/76 (13%)
App.tsx:931 🎮 [GameStart] Estado atual: {pendingSelectedCharacters: Array(2), isLoading: true, error: null, progress: 0.17105263157894737, playerPosition: {…}}
App.tsx:945 ⏳ [GameStart] Sprites ainda carregando, aguardando...
App.tsx:931 🎮 [GameStart] Estado atual: {pendingSelectedCharacters: Array(2), isLoading: true, error: null, progress: 0.2236842105263158, playerPosition: {…}}
App.tsx:945 ⏳ [GameStart] Sprites ainda carregando, aguardando...
 📊 [SpriteLoading] Progresso: 20/76 (26%)
 🎮 [GameStart] Estado atual: {pendingSelectedCharacters: Array(2), isLoading: true, error: null, progress: 0.32894736842105265, playerPosition: {…}}
 ⏳ [GameStart] Sprites ainda carregando, aguardando...
App.tsx:931 🎮 [GameStart] Estado atual: {pendingSelectedCharacters: Array(2), isLoading: true, error: null, progress: 0.34210526315789475, playerPosition: {…}}
App.tsx:945 ⏳ [GameStart] Sprites ainda carregando, aguardando...
App.tsx:931 🎮 [GameStart] Estado atual: {pendingSelectedCharacters: Array(2), isLoading: true, error: null, progress: 0.3815789473684211, playerPosition: {…}}
App.tsx:945 ⏳ [GameStart] Sprites ainda carregando, aguardando...
useSpriteLoading.ts:90 📊 [SpriteLoading] Progresso: 30/76 (39%)
App.tsx:931 🎮 [GameStart] Estado atual: {pendingSelectedCharacters: Array(2), isLoading: true, error: null, progress: 0.4342105263157895, playerPosition: {…}}
App.tsx:945 ⏳ [GameStart] Sprites ainda carregando, aguardando...
App.tsx:931 🎮 [GameStart] Estado atual: {pendingSelectedCharacters: Array(2), isLoading: true, error: null, progress: 0.5131578947368421, playerPosition: {…}}
App.tsx:945 ⏳ [GameStart] Sprites ainda carregando, aguardando...
useSpriteLoading.ts:90 📊 [SpriteLoading] Progresso: 40/76 (53%)
App.tsx:931 🎮 [GameStart] Estado atual: {pendingSelectedCharacters: Array(2), isLoading: true, error: null, progress: 0.5789473684210527, playerPosition: {…}}
App.tsx:945 ⏳ [GameStart] Sprites ainda carregando, aguardando...
App.tsx:931 🎮 [GameStart] Estado atual: {pendingSelectedCharacters: Array(2), isLoading: true, error: null, progress: 0.6447368421052632, playerPosition: {…}}
App.tsx:945 ⏳ [GameStart] Sprites ainda carregando, aguardando...
useSpriteLoading.ts:90 📊 [SpriteLoading] Progresso: 50/76 (66%)
App.tsx:931 🎮 [GameStart] Estado atual: {pendingSelectedCharacters: Array(2), isLoading: true, error: null, progress: 0.7631578947368421, playerPosition: {…}}
App.tsx:945 ⏳ [GameStart] Sprites ainda carregando, aguardando...
App.tsx:931 🎮 [GameStart] Estado atual: {pendingSelectedCharacters: Array(2), isLoading: true, error: null, progress: 0.7763157894736842, playerPosition: {…}}
App.tsx:945 ⏳ [GameStart] Sprites ainda carregando, aguardando...
useSpriteLoading.ts:90 📊 [SpriteLoading] Progresso: 60/76 (79%)
App.tsx:931 🎮 [GameStart] Estado atual: {pendingSelectedCharacters: Array(2), isLoading: true, error: null, progress: 0.7894736842105263, playerPosition: {…}}
App.tsx:945 ⏳ [GameStart] Sprites ainda carregando, aguardando...
useSpriteLoading.ts:90 📊 [SpriteLoading] Progresso: 70/76 (92%)
App.tsx:931 🎮 [GameStart] Estado atual: {pendingSelectedCharacters: Array(2), isLoading: true, error: null, progress: 0.9210526315789473, playerPosition: {…}}
App.tsx:945 ⏳ [GameStart] Sprites ainda carregando, aguardando...
 🎮 [GameStart] Estado atual: {pendingSelectedCharacters: Array(2), isLoading: true, error: null, progress: 0.9605263157894737, playerPosition: {…}}
 ⏳ [GameStart] Sprites ainda carregando, aguardando...
 📊 [SpriteLoading] Progresso: 76/76 (100%)
 📈 [SpriteLoading] Estatísticas de carregamento: {total: 76, success: 76, errors: 0}
 ✅ [SpriteLoading] Registrando sprites: (2) ['julia', 'tiabel36']
 🔄 [SpriteLoading] Registrando sprite: julia
 🎨 [SpriteSystem] Iniciando registro de sprites para: julia
 🔍 Mapeamento gerado (fixed): julia down 0001 /assets/sprites/julia/julia_BE_128/frame_0001.png
 🔍 Mapeamento gerado (fixed): julia down 0004 /assets/sprites/julia/julia_BE_128/frame_0004.png
 🔍 Mapeamento gerado (fixed): julia down 0006 /assets/sprites/julia/julia_BE_128/frame_0006.png
 🔍 Mapeamento gerado (fixed): julia down 0009 /assets/sprites/julia/julia_BE_128/frame_0009.png
 🔍 Mapeamento gerado (fixed): julia down 0011 /assets/sprites/julia/julia_BE_128/frame_0011.png
 🔍 Mapeamento gerado (fixed): julia down 0014 /assets/sprites/julia/julia_BE_128/frame_0014.png
 🔍 Mapeamento gerado (fixed): julia down 0016 /assets/sprites/julia/julia_BE_128/frame_0016.png
 🔍 Mapeamento gerado (fixed): julia down 0019 /assets/sprites/julia/julia_BE_128/frame_0019.png
 🔍 Mapeamento gerado (fixed): julia down 0021 /assets/sprites/julia/julia_BE_128/frame_0021.png
 🔍 Mapeamento gerado (fixed): julia down 0024 /assets/sprites/julia/julia_BE_128/frame_0024.png
 🔍 Mapeamento gerado (fixed): julia left 0001 /assets/sprites/julia/julia_CE_128/frame_0001.png
 🔍 Mapeamento gerado (fixed): julia left 0004 /assets/sprites/julia/julia_CE_128/frame_0004.png
 🔍 Mapeamento gerado (fixed): julia left 0006 /assets/sprites/julia/julia_CE_128/frame_0006.png
 🔍 Mapeamento gerado (fixed): julia left 0009 /assets/sprites/julia/julia_CE_128/frame_0009.png
 🔍 Mapeamento gerado (fixed): julia left 0011 /assets/sprites/julia/julia_CE_128/frame_0011.png
 🔍 Mapeamento gerado (fixed): julia left 0014 /assets/sprites/julia/julia_CE_128/frame_0014.png
 🔍 Mapeamento gerado (fixed): julia left 0016 /assets/sprites/julia/julia_CE_128/frame_0016.png
 🔍 Mapeamento gerado (fixed): julia left 0019 /assets/sprites/julia/julia_CE_128/frame_0019.png
 🔍 Mapeamento gerado (fixed): julia left 0021 /assets/sprites/julia/julia_CE_128/frame_0021.png
 🔍 Mapeamento gerado (fixed): julia left 0024 /assets/sprites/julia/julia_CE_128/frame_0024.png
 🔍 Mapeamento gerado (fixed): julia right 0001 /assets/sprites/julia/julia_BD_128/frame_0001.png
 🔍 Mapeamento gerado (fixed): julia right 0004 /assets/sprites/julia/julia_BD_128/frame_0004.png
 🔍 Mapeamento gerado (fixed): julia right 0006 /assets/sprites/julia/julia_BD_128/frame_0006.png
 🔍 Mapeamento gerado (fixed): julia right 0009 /assets/sprites/julia/julia_BD_128/frame_0009.png
 🔍 Mapeamento gerado (fixed): julia right 0011 /assets/sprites/julia/julia_BD_128/frame_0011.png
 🔍 Mapeamento gerado (fixed): julia right 0014 /assets/sprites/julia/julia_BD_128/frame_0014.png
 🔍 Mapeamento gerado (fixed): julia right 0016 /assets/sprites/julia/julia_BD_128/frame_0016.png
 🔍 Mapeamento gerado (fixed): julia right 0019 /assets/sprites/julia/julia_BD_128/frame_0019.png
 🔍 Mapeamento gerado (fixed): julia right 0021 /assets/sprites/julia/julia_BD_128/frame_0021.png
 🔍 Mapeamento gerado (fixed): julia right 0024 /assets/sprites/julia/julia_BD_128/frame_0024.png
 🔍 Mapeamento gerado (fixed): julia up 0001 /assets/sprites/julia/julia_CD_128/frame_0001.png
 🔍 Mapeamento gerado (fixed): julia up 0004 /assets/sprites/julia/julia_CD_128/frame_0004.png
 🔍 Mapeamento gerado (fixed): julia up 0006 /assets/sprites/julia/julia_CD_128/frame_0006.png
 🔍 Mapeamento gerado (fixed): julia up 0009 /assets/sprites/julia/julia_CD_128/frame_0009.png
 🔍 Mapeamento gerado (fixed): julia up 0011 /assets/sprites/julia/julia_CD_128/frame_0011.png
 🔍 Mapeamento gerado (fixed): julia up 0014 /assets/sprites/julia/julia_CD_128/frame_0014.png
 🔍 Mapeamento gerado (fixed): julia up 0016 /assets/sprites/julia/julia_CD_128/frame_0016.png
 🔍 Mapeamento gerado (fixed): julia up 0019 /assets/sprites/julia/julia_CD_128/frame_0019.png
 🔍 Mapeamento gerado (fixed): julia up 0021 /assets/sprites/julia/julia_CD_128/frame_0021.png
 🔍 Mapeamento gerado (fixed): julia up 0024 /assets/sprites/julia/julia_CD_128/frame_0024.png
 📋 [SpriteSystem] Mapeamento gerado para julia: {directions: Array(4), totalFrames: 40}
 ✅ [SpriteSystem] Sprites de julia registrados com sucesso!
 🔄 [SpriteSystem] Agendando reconstrução de CSS...
 🔄 [SpriteLoading] Registrando sprite: tiabel36
 🎨 [SpriteSystem] Iniciando registro de sprites para: tiabel36
 🔍 Mapeamento gerado (fixed): tiabel36 down 0000 /assets/sprites/tiabel36/tiabel36_BE_128/frame_0000.png
 🔍 Mapeamento gerado (fixed): tiabel36 down 0001 /assets/sprites/tiabel36/tiabel36_BE_128/frame_0001.png
 🔍 Mapeamento gerado (fixed): tiabel36 down 0002 /assets/sprites/tiabel36/tiabel36_BE_128/frame_0002.png
 🔍 Mapeamento gerado (fixed): tiabel36 down 0003 /assets/sprites/tiabel36/tiabel36_BE_128/frame_0003.png
 🔍 Mapeamento gerado (fixed): tiabel36 down 0004 /assets/sprites/tiabel36/tiabel36_BE_128/frame_0004.png
 🔍 Mapeamento gerado (fixed): tiabel36 down 0005 /assets/sprites/tiabel36/tiabel36_BE_128/frame_0005.png
 🔍 Mapeamento gerado (fixed): tiabel36 down 0006 /assets/sprites/tiabel36/tiabel36_BE_128/frame_0006.png
 🔍 Mapeamento gerado (fixed): tiabel36 down 0007 /assets/sprites/tiabel36/tiabel36_BE_128/frame_0007.png
 🔍 Mapeamento gerado (fixed): tiabel36 down 0008 /assets/sprites/tiabel36/tiabel36_BE_128/frame_0008.png
 🔍 Mapeamento gerado (fixed): tiabel36 down 0009 /assets/sprites/tiabel36/tiabel36_BE_128/frame_0009.png
 🔍 Mapeamento gerado (fixed): tiabel36 down 0010 /assets/sprites/tiabel36/tiabel36_BE_128/frame_0010.png
 🔍 Mapeamento gerado (fixed): tiabel36 down 0011 /assets/sprites/tiabel36/tiabel36_BE_128/frame_0011.png
 🔍 Mapeamento gerado (fixed): tiabel36 down 0012 /assets/sprites/tiabel36/tiabel36_BE_128/frame_0012.png
 🔍 Mapeamento gerado (fixed): tiabel36 down 0013 /assets/sprites/tiabel36/tiabel36_BE_128/frame_0013.png
 🔍 Mapeamento gerado (fixed): tiabel36 down 0014 /assets/sprites/tiabel36/tiabel36_BE_128/frame_0014.png
 🔍 Mapeamento gerado (fixed): tiabel36 down 0015 /assets/sprites/tiabel36/tiabel36_BE_128/frame_0015.png
 🔍 Mapeamento gerado (fixed): tiabel36 down 0016 /assets/sprites/tiabel36/tiabel36_BE_128/frame_0016.png
 🔍 Mapeamento gerado (fixed): tiabel36 down 0017 /assets/sprites/tiabel36/tiabel36_BE_128/frame_0017.png
 🔍 Mapeamento gerado (fixed): tiabel36 down 0018 /assets/sprites/tiabel36/tiabel36_BE_128/frame_0018.png
 🔍 Mapeamento gerado (fixed): tiabel36 down 0019 /assets/sprites/tiabel36/tiabel36_BE_128/frame_0019.png
 🔍 Mapeamento gerado (fixed): tiabel36 down 0020 /assets/sprites/tiabel36/tiabel36_BE_128/frame_0020.png
 🔍 Mapeamento gerado (fixed): tiabel36 down 0021 /assets/sprites/tiabel36/tiabel36_BE_128/frame_0021.png
 🔍 Mapeamento gerado (fixed): tiabel36 down 0022 /assets/sprites/tiabel36/tiabel36_BE_128/frame_0022.png
 🔍 Mapeamento gerado (fixed): tiabel36 down 0023 /assets/sprites/tiabel36/tiabel36_BE_128/frame_0023.png
 🔍 Mapeamento gerado (fixed): tiabel36 down 0024 /assets/sprites/tiabel36/tiabel36_BE_128/frame_0024.png
 🔍 Mapeamento gerado (fixed): tiabel36 down 0025 /assets/sprites/tiabel36/tiabel36_BE_128/frame_0025.png
 🔍 Mapeamento gerado (fixed): tiabel36 down 0026 /assets/sprites/tiabel36/tiabel36_BE_128/frame_0026.png
 🔍 Mapeamento gerado (fixed): tiabel36 down 0027 /assets/sprites/tiabel36/tiabel36_BE_128/frame_0027.png
 🔍 Mapeamento gerado (fixed): tiabel36 down 0028 /assets/sprites/tiabel36/tiabel36_BE_128/frame_0028.png
 🔍 Mapeamento gerado (fixed): tiabel36 down 0029 /assets/sprites/tiabel36/tiabel36_BE_128/frame_0029.png
 🔍 Mapeamento gerado (fixed): tiabel36 down 0030 /assets/sprites/tiabel36/tiabel36_BE_128/frame_0030.png
 🔍 Mapeamento gerado (fixed): tiabel36 down 0031 /assets/sprites/tiabel36/tiabel36_BE_128/frame_0031.png
 🔍 Mapeamento gerado (fixed): tiabel36 down 0032 /assets/sprites/tiabel36/tiabel36_BE_128/frame_0032.png
 🔍 Mapeamento gerado (fixed): tiabel36 down 0033 /assets/sprites/tiabel36/tiabel36_BE_128/frame_0033.png
 🔍 Mapeamento gerado (fixed): tiabel36 down 0034 /assets/sprites/tiabel36/tiabel36_BE_128/frame_0034.png
 🔍 Mapeamento gerado (fixed): tiabel36 down 0035 /assets/sprites/tiabel36/tiabel36_BE_128/frame_0035.png
 📋 [SpriteSystem] Mapeamento gerado para tiabel36: {directions: Array(4), totalFrames: 36}
 ✅ [SpriteSystem] Sprites de tiabel36 registrados com sucesso!
 🎮 [GameStart] Estado atual: {pendingSelectedCharacters: Array(2), isLoading: true, error: null, progress: 1, playerPosition: {…}}
 ⏳ [GameStart] Sprites ainda carregando, aguardando...
 🎨 [SpriteSystem] Reconstruindo CSS com sprites de: (2) ['julia', 'tiabel36']
 🔧 [SpriteSystem] Inicializando sistema robusto de sprites...
 📋 [SpriteSystem] Personagens registrados: (2) ['julia', 'tiabel36']
 ✅ [SpriteSystem] CSS injetado com 20542 caracteres
 📊 [SpriteSystem] Total de personagens no CSS: 2
 📝 [SpriteSystem] Primeiras linhas do CSS:
/* === SISTEMA ORTOGONAL DE SPRITES - VERSÃO ROBUSTA === */

/* Sprites para personagem: julia */
.character-julia.player-down-0 .player-sprite {
  background-image: url('/assets/sprites/julia/julia_BE_128/frame_0001.png') !important;
  background-size: contain !important;
  background-position: center !important;
  background-repeat: no-repeat !important;
}

.character-julia.player-down-1 .player-sprite {
  background-image: url('/assets/sprites/julia/julia_BE_128/frame_0004.png') !important;
  background-size: contain !important;
  background-position: center !important;
  background-repeat: no-repeat !important;
}

.character-julia.player-down-2 .player-sprite {
  background-image: url('/assets/sprites/julia/julia_BE_128/frame_0006.png') !important;
  background-size: contain !important;...
 🎉 [SpriteLoading] Carregamento e registro concluídos com sucesso!
 🎮 [GameStart] Estado atual: {pendingSelectedCharacters: Array(2), isLoading: false, error: null, progress: 1, playerPosition: {…}}
 🚀 [GameStart] Iniciando jogo com personagens: (2) ['tiabel36', 'julia']
 📍 [GameStart] Posição inicial do jogador: {x: 0, y: 0}
 ✅ [GameStart] addPlayers executado
 ✅ [GameStart] Evento INICIAR_JOGO disparado
 ✅ [GameStart] gameStarted = true
 [FSM] Aguardando seleção de personagens --INICIAR_JOGO--> Aguardando confirmação para próxima notícia
 [FSM] Aguardando seleção de personagens --INICIAR_JOGO--> Aguardando confirmação para próxima notícia
 🔑 [SpriteLoading] Chave gerada:  | IDs originais: []
 🔑 [SpriteLoading] Chave gerada:  | IDs originais: []
 Specifying 'overflow: visible' on img, video and canvas tags may cause them to produce visual content outside of the element bounds. See https://github.com/WICG/view-transitions/blob/main/debugging_overflow_on_images.md for details.
measureHostInstance @ installHook.js:1
measureInstance @ installHook.js:1
updateFiberRecursively @ installHook.js:1
handleCommitFiberRoot @ installHook.js:1
onCommitFiberRoot @ installHook.js:1
hook.onCommitFiberRoot @ bundle.js:24961
onCommitRoot$1 @ bundle.js:11171
commitRootImpl @ bundle.js:18329
commitRoot @ bundle.js:18293
commitRootWhenReady @ bundle.js:17899
performWorkOnRoot @ bundle.js:17877
performWorkOnRootViaSchedulerTask @ bundle.js:18626
performWorkUntilDeadline @ bundle.js:26586
 🛑 [SpriteLoading] Cleanup executado
 🔍 ORIENTAÇÃO DEBUG: === MÚLTIPLAS DETECÇÕES ===
 🔍 ORIENTAÇÃO DEBUG: Window: 1389 x 874
 🔍 ORIENTAÇÃO DEBUG: Screen: 1920 x 1080
 🔍 ORIENTAÇÃO DEBUG: VisualViewport: 1389 x 874
 🔍 ORIENTAÇÃO DEBUG: Document: 1389 x 874
 🔍 ORIENTAÇÃO DEBUG: ESCOLHIDO: 1389 x 874 | Portrait: false | Método: window.inner
 Registrando função getTileScreenPosition
 Função de obtenção de posição do tile registrada
 🎥 Controles de câmera inicializados
 🎥 Controles de câmera expostos para componente pai
 Carregando mapa...
 🎨 [SpriteLoading] Disparo do efeito com: []
 ⚠️ [SpriteLoading] Nenhum personagem para carregar
 🎮 [GameStart] Estado atual: {pendingSelectedCharacters: null, isLoading: false, error: null, progress: 1, playerPosition: {…}}
 ⏭️ [GameStart] Sem personagens pendentes, pulando...
 [FSM] Entrou em AguardandoProximaNoticia, aguardando botão para seguir
 🔍 ORIENTAÇÃO DEBUG: === MÚLTIPLAS DETECÇÕES ===
 🔍 ORIENTAÇÃO DEBUG: Window: 1389 x 874
 🔍 ORIENTAÇÃO DEBUG: Screen: 1920 x 1080
 🔍 ORIENTAÇÃO DEBUG: VisualViewport: 1389 x 874
 🔍 ORIENTAÇÃO DEBUG: Document: 1389 x 874
 🔍 ORIENTAÇÃO DEBUG: ESCOLHIDO: 1389 x 874 | Portrait: false | Método: window.inner
installHook.js:1 Registrando função getTileScreenPosition
installHook.js:1 Função de obtenção de posição do tile registrada
installHook.js:1 🎥 Controles de câmera inicializados
installHook.js:1 🎥 Controles de câmera expostos para componente pai
installHook.js:1 Carregando mapa...
App.tsx:931 🎮 [GameStart] Estado atual: {pendingSelectedCharacters: null, isLoading: false, error: null, progress: 0, playerPosition: {…}}
App.tsx:940 ⏭️ [GameStart] Sem personagens pendentes, pulando...
App.tsx:1046 🎥 Controles de câmera inicializados
IsometricBoard.tsx:276 🎥 Controles de câmera expostos para componente pai
IsometricBoard.tsx:390 Posição inicial encontrada em (20, 12) com caractere I
IsometricBoard.tsx:324 Mapa carregado com sucesso: 2448 tiles
IsometricBoard.tsx:325 Posição inicial encontrada: {x: 20, y: 12}
IsometricBoard.tsx:329 Dimensões do mapa: {width: 48, height: 51, minX: 0, minY: 0, maxX: 47, …}
IsometricBoard.tsx:339 Mapa de posições criado com 2448 posições
App.tsx:1640 Mapa carregado com 2448 tiles
App.tsx:1641 Posição inicial: {x: 20, y: 12}
App.tsx:1642 Posição do tiabel: {x: 19, y: 11}
IsometricBoard.tsx:390 Posição inicial encontrada em (20, 12) com caractere I
IsometricBoard.tsx:324 Mapa carregado com sucesso: 2448 tiles
IsometricBoard.tsx:325 Posição inicial encontrada: {x: 20, y: 12}
IsometricBoard.tsx:329 Dimensões do mapa: {width: 48, height: 51, minX: 0, minY: 0, maxX: 47, …}
IsometricBoard.tsx:339 Mapa de posições criado com 2448 posições
App.tsx:1640 Mapa carregado com 2448 tiles
App.tsx:1641 Posição inicial: {x: 20, y: 12}
App.tsx:1642 Posição do tiabel: {x: 19, y: 11}
 [Player][portalAnimationState] single-player -> none -> 1770235177127
 [Player][portalAnimationState] tiabel-npc -> none -> 1770235177127
 Registrando função getTileScreenPosition
App.tsx:1027 Função de obtenção de posição do tile registrada
App.tsx:868 isMobile: false
App.tsx:869 isTablet: false
App.tsx:931 🎮 [GameStart] Estado atual: {pendingSelectedCharacters: null, isLoading: false, error: null, progress: 0, playerPosition: {…}}
App.tsx:940 ⏭️ [GameStart] Sem personagens pendentes, pulando...
App.tsx:1424 Criando instância do jogador (legado)
App.tsx:1444 Inicializando gerenciador de jogadores
PlayersContext.tsx:68 Inicializando novo gerenciador de jogadores no contexto
App.tsx:1671 🏁 Aplicando centralização inicial...
App.tsx:1683 📍 Centralizando em jogador single player: {x: 20, y: 12}
useCameraControl.ts:82 🔍 Escala detectada: 1, Container: 1389x874
useCameraControl.ts:122 🎥 Centralizando câmera no player:
useCameraControl.ts:123   📍 Player: (2457.576, 508.832)
useCameraControl.ts:124   🌍 World Center: (2077.6, 953.8720000000001)
useCameraControl.ts:125   📏 Container: 1389x874
useCameraControl.ts:126   🔍 Scale: 1
useCameraControl.ts:127   ➡️ Target Offset: (-379.9760000000001, 445.0400000000001)
useCameraControl.ts:128   📐 Clamped Offset: (-379.9760000000001, 445.0400000000001)
useCameraControl.ts:129   🔒 Max Offset: (841.5, 529)
App.tsx:1709 ✅ Centralização inicial aplicada
installHook.js:1 [Player][portalAnimationState] single-player -> none -> 1770235177131
installHook.js:1 [Player][portalAnimationState] tiabel-npc -> none -> 1770235177131
App.tsx:931 🎮 [GameStart] Estado atual: {pendingSelectedCharacters: null, isLoading: false, error: null, progress: 0, playerPosition: {…}}
App.tsx:940 ⏭️ [GameStart] Sem personagens pendentes, pulando...
App.tsx:2466 [FSM] Entrou em AguardandoProximaNoticia, aguardando botão para seguir
App.tsx:931 🎮 [GameStart] Estado atual: {pendingSelectedCharacters: null, isLoading: false, error: null, progress: 0, playerPosition: {…}}
App.tsx:940 ⏭️ [GameStart] Sem personagens pendentes, pulando...
App.tsx:1671 🏁 Aplicando centralização inicial...
App.tsx:1683 📍 Centralizando em jogador single player: {x: 20, y: 12}
useCameraControl.ts:82 🔍 Escala detectada: 0.67822265625, Container: 1389x874
useCameraControl.ts:122 🎥 Centralizando câmera no player:
useCameraControl.ts:123   📍 Player: (2457.576, 508.832)
useCameraControl.ts:124   🌍 World Center: (2077.6, 953.8720000000001)
useCameraControl.ts:125   📏 Container: 1389x874
useCameraControl.ts:126   🔍 Scale: 0.67822265625
useCameraControl.ts:127   ➡️ Target Offset: (-257.70833203125005, 301.8362109375)
useCameraControl.ts:128   📐 Clamped Offset: (-257.70833203125005, 218.1630859375)
useCameraControl.ts:129   🔒 Max Offset: (347.25, 218.1630859375)
App.tsx:1709 ✅ Centralização inicial aplicada
App.tsx:2466 [FSM] Entrou em AguardandoProximaNoticia, aguardando botão para seguir
useCameraControl.ts:153 ✅ Centralização da câmera concluída
useCameraControl.ts:153 ✅ Centralização da câmera concluída
App.tsx:178 [FSM] Aguardando confirmação para próxima notícia --PROXIMA_NOTICIA--> Aguardando 1 segundo para a notícia
App.tsx:178 [FSM] Aguardando confirmação para próxima notícia --PROXIMA_NOTICIA--> Aguardando 1 segundo para a notícia
IsometricBoard.tsx:265 Registrando função getTileScreenPosition
App.tsx:1027 Função de obtenção de posição do tile registrada
App.tsx:2451 [FSM] Entrou em AguardandoNoticia1, aguardando 1s para mostrar notícia
App.tsx:586 IDs no histórico: []
App.tsx:590 Notícias disponíveis (fora do histórico): 134
App.tsx:611 [HitsTracker] 📰 Notícia adicionada ao histórico. newsHistory.length: 0 → 1
App.tsx:611 [HitsTracker] 📰 Notícia adicionada ao histórico. newsHistory.length: 0 → 1
App.tsx:442 [HitsTracker] 🔄 Sincronizado newsHistoryLengthRef.current = 1
App.tsx:2451 [FSM] Entrou em AguardandoNoticia1, aguardando 1s para mostrar notícia
App.tsx:178 [FSM] Aguardando 1 segundo para a notícia --NEWS_TIMEOUT--> Aguardando avaliação de notícia
App.tsx:178 [FSM] Aguardando 1 segundo para a notícia --NEWS_TIMEOUT--> Aguardando avaliação de notícia
IsometricBoard.tsx:265 Registrando função getTileScreenPosition
App.tsx:1027 Função de obtenção de posição do tile registrada
App.tsx:2461 [FSM] Entrou em AvaliacaoNoticia, habilitando avaliação
App.tsx:478 Narrando texto: Parabêhiins!!!!!!!!!. Role o dado!
speechService.ts:163 🔍 [SpeechService] 🔍 Voz selecionada: Fernanda (Aprimorada)
speechService.ts:164 🔍 [SpeechService] 🔍 Texto a ser narrado: Parabêhiins!!!!!!!!!. Role o dado!
speechService.ts:165 🔍 [SpeechService] 🔍 Pitch: 1.2000000476837158
speechService.ts:166 🔍 [SpeechService] 🔍 Rate: 1.5
speechService.ts:167 🔍 [SpeechService] 🔍 Volume: 1
speechService.ts:168 🔍 [SpeechService] 🔍 Lang: pt-BR
speechService.ts:169 🔍 [SpeechService] 🔍 vozes: (202) [SpeechSynthesisVoice, SpeechSynthesisVoice, SpeechSynthesisVoice, SpeechSynthesisVoice, SpeechSynthesisVoice, SpeechSynthesisVoice, SpeechSynthesisVoice, SpeechSynthesisVoice, SpeechSynthesisVoice, SpeechSynthesisVoice, SpeechSynthesisVoice, SpeechSynthesisVoice, SpeechSynthesisVoice, SpeechSynthesisVoice, SpeechSynthesisVoice, SpeechSynthesisVoice, SpeechSynthesisVoice, SpeechSynthesisVoice, SpeechSynthesisVoice, SpeechSynthesisVoice, SpeechSynthesisVoice, SpeechSynthesisVoice, SpeechSynthesisVoice, SpeechSynthesisVoice, SpeechSynthesisVoice, SpeechSynthesisVoice, SpeechSynthesisVoice, SpeechSynthesisVoice, SpeechSynthesisVoice, SpeechSynthesisVoice, SpeechSynthesisVoice, SpeechSynthesisVoice, SpeechSynthesisVoice, SpeechSynthesisVoice, SpeechSynthesisVoice, SpeechSynthesisVoice, SpeechSynthesisVoice, SpeechSynthesisVoice, SpeechSynthesisVoice, SpeechSynthesisVoice, SpeechSynthesisVoice, SpeechSynthesisVoice, SpeechSynthesisVoice, SpeechSynthesisVoice, SpeechSynthesisVoice, SpeechSynthesisVoice, SpeechSynthesisVoice, SpeechSynthesisVoice, SpeechSynthesisVoice, SpeechSynthesisVoice, SpeechSynthesisVoice, SpeechSynthesisVoice, SpeechSynthesisVoice, SpeechSynthesisVoice, SpeechSynthesisVoice, SpeechSynthesisVoice, SpeechSynthesisVoice, SpeechSynthesisVoice, SpeechSynthesisVoice, SpeechSynthesisVoice, SpeechSynthesisVoice, SpeechSynthesisVoice, SpeechSynthesisVoice, SpeechSynthesisVoice, SpeechSynthesisVoice, SpeechSynthesisVoice, SpeechSynthesisVoice, SpeechSynthesisVoice, SpeechSynthesisVoice, SpeechSynthesisVoice, SpeechSynthesisVoice, SpeechSynthesisVoice, SpeechSynthesisVoice, SpeechSynthesisVoice, SpeechSynthesisVoice, SpeechSynthesisVoice, SpeechSynthesisVoice, SpeechSynthesisVoice, SpeechSynthesisVoice, SpeechSynthesisVoice, SpeechSynthesisVoice, SpeechSynthesisVoice, SpeechSynthesisVoice, SpeechSynthesisVoice, SpeechSynthesisVoice, SpeechSynthesisVoice, SpeechSynthesisVoice, SpeechSynthesisVoice, SpeechSynthesisVoice, SpeechSynthesisVoice, SpeechSynthesisVoice, SpeechSynthesisVoice, SpeechSynthesisVoice, SpeechSynthesisVoice, SpeechSynthesisVoice, SpeechSynthesisVoice, SpeechSynthesisVoice, SpeechSynthesisVoice, SpeechSynthesisVoice, SpeechSynthesisVoice, …]
App.tsx:1821 [HitsTracker] ✅ Acerto registrado! hits: 0 → 1, newsHistory.length: 1
App.tsx:1821 [HitsTracker] ✅ Acerto registrado! hits: 0 → 1, newsHistory.length: 1
App.tsx:178 [FSM] Aguardando avaliação de notícia --AVALIACAO_CORRETA--> Aguardando lançamento do dado
App.tsx:178 [FSM] Aguardando avaliação de notícia --AVALIACAO_CORRETA--> Aguardando lançamento do dado
IsometricBoard.tsx:265 Registrando função getTileScreenPosition
App.tsx:1027 Função de obtenção de posição do tile registrada
App.tsx:437 [HitsTracker] 🔄 Sincronizado hitsRef.current = 1
App.tsx:2485 [FSM] Entrou em LancamentoDado, habilitando dado
App.tsx:178 [FSM] Aguardando lançamento do dado --DADO_CLICADO--> Aguardando final da animação do Dado
App.tsx:178 [FSM] Aguardando lançamento do dado --DADO_CLICADO--> Aguardando final da animação do Dado
IsometricBoard.tsx:265 Registrando função getTileScreenPosition
App.tsx:1027 Função de obtenção de posição do tile registrada
App.tsx:2489 [FSM] Entrou em AnimacaoDado, aguardando término da animação do dado
App.tsx:919 🐵 Macacos atualizados após 24 segundos
App.tsx:1922 🎲 Dado rolado: 4, Movimentos acelerados: 16 (4 × 4)
App.tsx:178 [FSM] Aguardando final da animação do Dado --DADO_ANIMACAO_FIM--> Aguardando 1 segundo para caminhada
App.tsx:178 [FSM] Aguardando final da animação do Dado --DADO_ANIMACAO_FIM--> Aguardando 1 segundo para caminhada
IsometricBoard.tsx:265 Registrando função getTileScreenPosition
App.tsx:1027 Função de obtenção de posição do tile registrada
App.tsx:2493 [FSM] Entrou em AguardandoCaminhada, aguardando 1s para iniciar caminhada
App.tsx:178 [FSM] Aguardando 1 segundo para caminhada --CAMINHADA_TIMEOUT--> Aguardando final da animação do Player (caminhada)
App.tsx:178 [FSM] Aguardando 1 segundo para caminhada --CAMINHADA_TIMEOUT--> Aguardando final da animação do Player (caminhada)
IsometricBoard.tsx:265 Registrando função getTileScreenPosition
App.tsx:1027 Função de obtenção de posição do tile registrada
App.tsx:2497 [FSM] Entrou em AnimacaoCaminhada, aguardando final da caminhada
App.tsx:1096 Verificando movimento de (20,12) para (20,11)
App.tsx:1097 Distância: 1, Movimentos restantes: 16
App.tsx:1121 Movimento inválido: destino (20,11) não é caminhável
App.tsx:1096 Verificando movimento de (20,12) para (20,13)
App.tsx:1097 Distância: 1, Movimentos restantes: 16
App.tsx:1125 Movimento válido!
App.tsx:1096 Verificando movimento de (20,12) para (20,13)
App.tsx:1097 Distância: 1, Movimentos restantes: 16
App.tsx:1125 Movimento válido!
Player.ts:191 =========> [determineDirection] Posição atual: (20, 12)
Player.ts:192 =========> [determineDirection] Posição alvo: (20, 13)
Player.ts:193 =========> [determineDirection] Delta: dx=0, dy=1
Player.ts:194 =========> [determineDirection] Direção anterior: down
Player.ts:336 🔍 🎬 👟 Iniciando movimento de (20,12) para (20,13)
Player.ts:411 🔍 🎬 👟 Movimento suave completo para tile (20,13). Movimentos restantes: 15
Player.ts:231 Movimento inválido: não pode voltar para a última posição
App.tsx:1096 Verificando movimento de (20,13) para (20,14)
App.tsx:1097 Distância: 1, Movimentos restantes: 15
App.tsx:1125 Movimento válido!
App.tsx:1096 Verificando movimento de (20,13) para (20,14)
App.tsx:1097 Distância: 1, Movimentos restantes: 15
App.tsx:1125 Movimento válido!
Player.ts:191 =========> [determineDirection] Posição atual: (20, 13)
Player.ts:192 =========> [determineDirection] Posição alvo: (20, 14)
Player.ts:193 =========> [determineDirection] Delta: dx=0, dy=1
Player.ts:194 =========> [determineDirection] Direção anterior: down
Player.ts:336 🔍 🎬 👟 Iniciando movimento de (20,13) para (20,14)
IsometricBoard.tsx:265 Registrando função getTileScreenPosition
App.tsx:1027 Função de obtenção de posição do tile registrada
App.tsx:931 🎮 [GameStart] Estado atual: {pendingSelectedCharacters: null, isLoading: false, error: null, progress: 0, playerPosition: {…}}
App.tsx:940 ⏭️ [GameStart] Sem personagens pendentes, pulando...
App.tsx:1671 🏁 Aplicando centralização inicial...
App.tsx:1683 📍 Centralizando em jogador single player: {x: 20, y: 13}
useCameraControl.ts:82 🔍 Escala detectada: 0.67822265625, Container: 1389x874
useCameraControl.ts:122 🎥 Centralizando câmera no player:
useCameraControl.ts:123   📍 Player: (2409.7039999999997, 532.768)
useCameraControl.ts:124   🌍 World Center: (2077.6, 953.8720000000001)
useCameraControl.ts:125   📏 Container: 1389x874
useCameraControl.ts:126   🔍 Scale: 0.67822265625
useCameraControl.ts:127   ➡️ Target Offset: (-225.24045703124986, 285.6022734375)
useCameraControl.ts:128   📐 Clamped Offset: (-225.24045703124986, 218.1630859375)
useCameraControl.ts:129   🔒 Max Offset: (347.25, 218.1630859375)
App.tsx:1709 ✅ Centralização inicial aplicada
 🔍 🎬 👟 Movimento suave completo para tile (20,14). Movimentos restantes: 14
 Movimento inválido: não pode voltar para a última posição
 Verificando movimento de (20,14) para (20,15)
 Distância: 1, Movimentos restantes: 14
App.tsx:1125 Movimento válido!
App.tsx:1096 Verificando movimento de (20,14) para (20,15)
App.tsx:1097 Distância: 1, Movimentos restantes: 14
App.tsx:1125 Movimento válido!
Player.ts:191 =========> [determineDirection] Posição atual: (20, 14)
Player.ts:192 =========> [determineDirection] Posição alvo: (20, 15)
Player.ts:193 =========> [determineDirection] Delta: dx=0, dy=1
Player.ts:194 =========> [determineDirection] Direção anterior: down
Player.ts:336 🔍 🎬 👟 Iniciando movimento de (20,14) para (20,15)
IsometricBoard.tsx:265 Registrando função getTileScreenPosition
App.tsx:1027 Função de obtenção de posição do tile registrada
App.tsx:931 🎮 [GameStart] Estado atual: {pendingSelectedCharacters: null, isLoading: false, error: null, progress: 0, playerPosition: {…}}
App.tsx:940 ⏭️ [GameStart] Sem personagens pendentes, pulando...
App.tsx:1671 🏁 Aplicando centralização inicial...
App.tsx:1683 📍 Centralizando em jogador single player: {x: 20, y: 14}
useCameraControl.ts:82 🔍 Escala detectada: 0.67822265625, Container: 1389x874
useCameraControl.ts:122 🎥 Centralizando câmera no player:
useCameraControl.ts:123   📍 Player: (2361.832, 556.704)
useCameraControl.ts:124   🌍 World Center: (2077.6, 953.8720000000001)
useCameraControl.ts:125   📏 Container: 1389x874
useCameraControl.ts:126   🔍 Scale: 0.67822265625
useCameraControl.ts:127   ➡️ Target Offset: (-192.77258203124998, 269.3683359375001)
useCameraControl.ts:128   📐 Clamped Offset: (-192.77258203124998, 218.1630859375)
useCameraControl.ts:129   🔒 Max Offset: (347.25, 218.1630859375)
App.tsx:1709 ✅ Centralização inicial aplicada
 🔍 🎬 👟 Movimento suave completo para tile (20,15). Movimentos restantes: 13
 Movimento inválido: não pode voltar para a última posição
 Verificando movimento de (20,15) para (20,16)
 Distância: 1, Movimentos restantes: 13
App.tsx:1125 Movimento válido!
App.tsx:1096 Verificando movimento de (20,15) para (20,16)
App.tsx:1097 Distância: 1, Movimentos restantes: 13
App.tsx:1125 Movimento válido!
Player.ts:191 =========> [determineDirection] Posição atual: (20, 15)
Player.ts:192 =========> [determineDirection] Posição alvo: (20, 16)
Player.ts:193 =========> [determineDirection] Delta: dx=0, dy=1
Player.ts:194 =========> [determineDirection] Direção anterior: down
Player.ts:336 🔍 🎬 👟 Iniciando movimento de (20,15) para (20,16)
IsometricBoard.tsx:265 Registrando função getTileScreenPosition
App.tsx:1027 Função de obtenção de posição do tile registrada
App.tsx:931 🎮 [GameStart] Estado atual: {pendingSelectedCharacters: null, isLoading: false, error: null, progress: 0, playerPosition: {…}}
App.tsx:940 ⏭️ [GameStart] Sem personagens pendentes, pulando...
App.tsx:1671 🏁 Aplicando centralização inicial...
App.tsx:1683 📍 Centralizando em jogador single player: {x: 20, y: 15}
useCameraControl.ts:82 🔍 Escala detectada: 0.67822265625, Container: 1389x874
useCameraControl.ts:122 🎥 Centralizando câmera no player:
useCameraControl.ts:123   📍 Player: (2313.96, 580.64)
useCameraControl.ts:124   🌍 World Center: (2077.6, 953.8720000000001)
useCameraControl.ts:125   📏 Container: 1389x874
useCameraControl.ts:126   🔍 Scale: 0.67822265625
useCameraControl.ts:127   ➡️ Target Offset: (-160.30470703125008, 253.13439843750007)
useCameraControl.ts:128   📐 Clamped Offset: (-160.30470703125008, 218.1630859375)
useCameraControl.ts:129   🔒 Max Offset: (347.25, 218.1630859375)
App.tsx:1709 ✅ Centralização inicial aplicada
Player.ts:411 🔍 🎬 👟 Movimento suave completo para tile (20,16). Movimentos restantes: 12
Player.ts:231 Movimento inválido: não pode voltar para a última posição
App.tsx:1096 Verificando movimento de (20,16) para (20,17)
App.tsx:1097 Distância: 1, Movimentos restantes: 12
App.tsx:1125 Movimento válido!
App.tsx:1096 Verificando movimento de (20,16) para (20,17)
App.tsx:1097 Distância: 1, Movimentos restantes: 12
App.tsx:1125 Movimento válido!
Player.ts:191 =========> [determineDirection] Posição atual: (20, 16)
Player.ts:192 =========> [determineDirection] Posição alvo: (20, 17)
Player.ts:193 =========> [determineDirection] Delta: dx=0, dy=1
Player.ts:194 =========> [determineDirection] Direção anterior: down
Player.ts:336 🔍 🎬 👟 Iniciando movimento de (20,16) para (20,17)
IsometricBoard.tsx:265 Registrando função getTileScreenPosition
App.tsx:1027 Função de obtenção de posição do tile registrada
App.tsx:931 🎮 [GameStart] Estado atual: {pendingSelectedCharacters: null, isLoading: false, error: null, progress: 0, playerPosition: {…}}
App.tsx:940 ⏭️ [GameStart] Sem personagens pendentes, pulando...
App.tsx:1671 🏁 Aplicando centralização inicial...
App.tsx:1683 📍 Centralizando em jogador single player: {x: 20, y: 16}
useCameraControl.ts:82 🔍 Escala detectada: 0.67822265625, Container: 1389x874
useCameraControl.ts:122 🎥 Centralizando câmera no player:
useCameraControl.ts:123   📍 Player: (2266.0879999999997, 604.576)
useCameraControl.ts:124   🌍 World Center: (2077.6, 953.8720000000001)
useCameraControl.ts:125   📏 Container: 1389x874
useCameraControl.ts:126   🔍 Scale: 0.67822265625
useCameraControl.ts:127   ➡️ Target Offset: (-127.83683203124988, 236.90046093750004)
useCameraControl.ts:128   📐 Clamped Offset: (-127.83683203124988, 218.1630859375)
useCameraControl.ts:129   🔒 Max Offset: (347.25, 218.1630859375)
App.tsx:1709 ✅ Centralização inicial aplicada
 🔍 🎬 👟 Movimento suave completo para tile (20,17). Movimentos restantes: 11
 Movimento inválido: não pode voltar para a última posição
 Verificando movimento de (20,17) para (20,18)
 Distância: 1, Movimentos restantes: 11
App.tsx:1125 Movimento válido!
App.tsx:1096 Verificando movimento de (20,17) para (20,18)
App.tsx:1097 Distância: 1, Movimentos restantes: 11
App.tsx:1125 Movimento válido!
Player.ts:191 =========> [determineDirection] Posição atual: (20, 17)
Player.ts:192 =========> [determineDirection] Posição alvo: (20, 18)
Player.ts:193 =========> [determineDirection] Delta: dx=0, dy=1
Player.ts:194 =========> [determineDirection] Direção anterior: down
Player.ts:336 🔍 🎬 👟 Iniciando movimento de (20,17) para (20,18)
IsometricBoard.tsx:265 Registrando função getTileScreenPosition
App.tsx:1027 Função de obtenção de posição do tile registrada
App.tsx:931 🎮 [GameStart] Estado atual: {pendingSelectedCharacters: null, isLoading: false, error: null, progress: 0, playerPosition: {…}}
App.tsx:940 ⏭️ [GameStart] Sem personagens pendentes, pulando...
App.tsx:1671 🏁 Aplicando centralização inicial...
App.tsx:1683 📍 Centralizando em jogador single player: {x: 20, y: 17}
useCameraControl.ts:82 🔍 Escala detectada: 0.67822265625, Container: 1389x874
useCameraControl.ts:122 🎥 Centralizando câmera no player:
useCameraControl.ts:123   📍 Player: (2218.216, 628.512)
useCameraControl.ts:124   🌍 World Center: (2077.6, 953.8720000000001)
useCameraControl.ts:125   📏 Container: 1389x874
useCameraControl.ts:126   🔍 Scale: 0.67822265625
useCameraControl.ts:127   ➡️ Target Offset: (-95.36895703124999, 220.66652343750008)
useCameraControl.ts:128   📐 Clamped Offset: (-95.36895703124999, 218.1630859375)
useCameraControl.ts:129   🔒 Max Offset: (347.25, 218.1630859375)
App.tsx:1709 ✅ Centralização inicial aplicada
 🔍 🎬 👟 Movimento suave completo para tile (20,18). Movimentos restantes: 10
 Movimento inválido: não pode voltar para a última posição
 Verificando movimento de (20,18) para (20,19)
 Distância: 1, Movimentos restantes: 10
 Movimento válido!
App.tsx:1096 Verificando movimento de (20,18) para (20,19)
App.tsx:1097 Distância: 1, Movimentos restantes: 10
App.tsx:1125 Movimento válido!
Player.ts:191 =========> [determineDirection] Posição atual: (20, 18)
Player.ts:192 =========> [determineDirection] Posição alvo: (20, 19)
Player.ts:193 =========> [determineDirection] Delta: dx=0, dy=1
Player.ts:194 =========> [determineDirection] Direção anterior: down
Player.ts:336 🔍 🎬 👟 Iniciando movimento de (20,18) para (20,19)
IsometricBoard.tsx:265 Registrando função getTileScreenPosition
App.tsx:1027 Função de obtenção de posição do tile registrada
App.tsx:931 🎮 [GameStart] Estado atual: {pendingSelectedCharacters: null, isLoading: false, error: null, progress: 0, playerPosition: {…}}
App.tsx:940 ⏭️ [GameStart] Sem personagens pendentes, pulando...
App.tsx:1671 🏁 Aplicando centralização inicial...
App.tsx:1683 📍 Centralizando em jogador single player: {x: 20, y: 18}
useCameraControl.ts:82 🔍 Escala detectada: 0.67822265625, Container: 1389x874
useCameraControl.ts:122 🎥 Centralizando câmera no player:
useCameraControl.ts:123   📍 Player: (2170.344, 652.448)
useCameraControl.ts:124   🌍 World Center: (2077.6, 953.8720000000001)
useCameraControl.ts:125   📏 Container: 1389x874
useCameraControl.ts:126   🔍 Scale: 0.67822265625
useCameraControl.ts:127   ➡️ Target Offset: (-62.9010820312501, 204.43258593750005)
useCameraControl.ts:128   📐 Clamped Offset: (-62.9010820312501, 204.43258593750005)
useCameraControl.ts:129   🔒 Max Offset: (347.25, 218.1630859375)
App.tsx:1709 ✅ Centralização inicial aplicada
App.tsx:1828 🎉 [TiabelAnimation] Animação da tiabel concluída!
Player.ts:411 🔍 🎬 👟 Movimento suave completo para tile (20,19). Movimentos restantes: 9
Player.ts:231 Movimento inválido: não pode voltar para a última posição
App.tsx:1096 Verificando movimento de (20,19) para (20,20)
App.tsx:1097 Distância: 1, Movimentos restantes: 9
App.tsx:1125 Movimento válido!
App.tsx:1096 Verificando movimento de (20,19) para (20,20)
App.tsx:1097 Distância: 1, Movimentos restantes: 9
App.tsx:1125 Movimento válido!
Player.ts:191 =========> [determineDirection] Posição atual: (20, 19)
Player.ts:192 =========> [determineDirection] Posição alvo: (20, 20)
Player.ts:193 =========> [determineDirection] Delta: dx=0, dy=1
Player.ts:194 =========> [determineDirection] Direção anterior: down
Player.ts:336 🔍 🎬 👟 Iniciando movimento de (20,19) para (20,20)
IsometricBoard.tsx:265 Registrando função getTileScreenPosition
App.tsx:1027 Função de obtenção de posição do tile registrada
App.tsx:931 🎮 [GameStart] Estado atual: {pendingSelectedCharacters: null, isLoading: false, error: null, progress: 0, playerPosition: {…}}
App.tsx:940 ⏭️ [GameStart] Sem personagens pendentes, pulando...
App.tsx:1671 🏁 Aplicando centralização inicial...
App.tsx:1683 📍 Centralizando em jogador single player: {x: 20, y: 19}
useCameraControl.ts:82 🔍 Escala detectada: 0.67822265625, Container: 1389x874
useCameraControl.ts:122 🎥 Centralizando câmera no player:
useCameraControl.ts:123   📍 Player: (2122.4719999999998, 676.384)
useCameraControl.ts:124   🌍 World Center: (2077.6, 953.8720000000001)
useCameraControl.ts:125   📏 Container: 1389x874
useCameraControl.ts:126   🔍 Scale: 0.67822265625
useCameraControl.ts:127   ➡️ Target Offset: (-30.433207031249893, 188.19864843750003)
useCameraControl.ts:128   📐 Clamped Offset: (-30.433207031249893, 188.19864843750003)
useCameraControl.ts:129   🔒 Max Offset: (347.25, 218.1630859375)
App.tsx:1709 ✅ Centralização inicial aplicada
 🔍 🎬 👟 Movimento suave completo para tile (20,20). Movimentos restantes: 8
 Movimento inválido: não pode voltar para a última posição
 Verificando movimento de (20,20) para (20,21)
 Distância: 1, Movimentos restantes: 8
App.tsx:1125 Movimento válido!
App.tsx:1096 Verificando movimento de (20,20) para (20,21)
App.tsx:1097 Distância: 1, Movimentos restantes: 8
App.tsx:1125 Movimento válido!
Player.ts:191 =========> [determineDirection] Posição atual: (20, 20)
Player.ts:192 =========> [determineDirection] Posição alvo: (20, 21)
Player.ts:193 =========> [determineDirection] Delta: dx=0, dy=1
Player.ts:194 =========> [determineDirection] Direção anterior: down
Player.ts:336 🔍 🎬 👟 Iniciando movimento de (20,20) para (20,21)
IsometricBoard.tsx:265 Registrando função getTileScreenPosition
App.tsx:1027 Função de obtenção de posição do tile registrada
App.tsx:931 🎮 [GameStart] Estado atual: {pendingSelectedCharacters: null, isLoading: false, error: null, progress: 0, playerPosition: {…}}
App.tsx:940 ⏭️ [GameStart] Sem personagens pendentes, pulando...
App.tsx:1671 🏁 Aplicando centralização inicial...
App.tsx:1683 📍 Centralizando em jogador single player: {x: 20, y: 20}
useCameraControl.ts:82 🔍 Escala detectada: 0.67822265625, Container: 1389x874
useCameraControl.ts:122 🎥 Centralizando câmera no player:
useCameraControl.ts:123   📍 Player: (2074.6, 700.32)
useCameraControl.ts:124   🌍 World Center: (2077.6, 953.8720000000001)
useCameraControl.ts:125   📏 Container: 1389x874
useCameraControl.ts:126   🔍 Scale: 0.67822265625
useCameraControl.ts:127   ➡️ Target Offset: (2.03466796875, 171.9647109375)
useCameraControl.ts:128   📐 Clamped Offset: (2.03466796875, 171.9647109375)
useCameraControl.ts:129   🔒 Max Offset: (347.25, 218.1630859375)
App.tsx:1709 ✅ Centralização inicial aplicada
Player.ts:411 🔍 🎬 👟 Movimento suave completo para tile (20,21). Movimentos restantes: 7
Player.ts:231 Movimento inválido: não pode voltar para a última posição
App.tsx:1096 Verificando movimento de (20,21) para (20,22)
App.tsx:1097 Distância: 1, Movimentos restantes: 7
App.tsx:1125 Movimento válido!
App.tsx:1096 Verificando movimento de (20,21) para (20,22)
App.tsx:1097 Distância: 1, Movimentos restantes: 7
App.tsx:1125 Movimento válido!
Player.ts:191 =========> [determineDirection] Posição atual: (20, 21)
Player.ts:192 =========> [determineDirection] Posição alvo: (20, 22)
Player.ts:193 =========> [determineDirection] Delta: dx=0, dy=1
Player.ts:194 =========> [determineDirection] Direção anterior: down
Player.ts:336 🔍 🎬 👟 Iniciando movimento de (20,21) para (20,22)
IsometricBoard.tsx:265 Registrando função getTileScreenPosition
App.tsx:1027 Função de obtenção de posição do tile registrada
App.tsx:931 🎮 [GameStart] Estado atual: {pendingSelectedCharacters: null, isLoading: false, error: null, progress: 0, playerPosition: {…}}
App.tsx:940 ⏭️ [GameStart] Sem personagens pendentes, pulando...
App.tsx:1671 🏁 Aplicando centralização inicial...
App.tsx:1683 📍 Centralizando em jogador single player: {x: 20, y: 21}
useCameraControl.ts:82 🔍 Escala detectada: 0.67822265625, Container: 1389x874
useCameraControl.ts:122 🎥 Centralizando câmera no player:
useCameraControl.ts:123   📍 Player: (2026.728, 724.256)
useCameraControl.ts:124   🌍 World Center: (2077.6, 953.8720000000001)
useCameraControl.ts:125   📏 Container: 1389x874
useCameraControl.ts:126   🔍 Scale: 0.67822265625
useCameraControl.ts:127   ➡️ Target Offset: (34.50254296874989, 155.73077343750006)
useCameraControl.ts:128   📐 Clamped Offset: (34.50254296874989, 155.73077343750006)
useCameraControl.ts:129   🔒 Max Offset: (347.25, 218.1630859375)
App.tsx:1709 ✅ Centralização inicial aplicada
 ✅ Centralização da câmera concluída
 🔍 🎬 👟 Movimento suave completo para tile (20,22). Movimentos restantes: 6
 Movimento inválido: não pode voltar para a última posição
 Verificando movimento de (20,22) para (20,23)
 Distância: 1, Movimentos restantes: 6
App.tsx:1125 Movimento válido!
App.tsx:1096 Verificando movimento de (20,22) para (20,23)
App.tsx:1097 Distância: 1, Movimentos restantes: 6
App.tsx:1125 Movimento válido!
Player.ts:191 =========> [determineDirection] Posição atual: (20, 22)
Player.ts:192 =========> [determineDirection] Posição alvo: (20, 23)
Player.ts:193 =========> [determineDirection] Delta: dx=0, dy=1
Player.ts:194 =========> [determineDirection] Direção anterior: down
Player.ts:336 🔍 🎬 👟 Iniciando movimento de (20,22) para (20,23)
IsometricBoard.tsx:265 Registrando função getTileScreenPosition
App.tsx:1027 Função de obtenção de posição do tile registrada
App.tsx:931 🎮 [GameStart] Estado atual: {pendingSelectedCharacters: null, isLoading: false, error: null, progress: 0, playerPosition: {…}}
App.tsx:940 ⏭️ [GameStart] Sem personagens pendentes, pulando...
App.tsx:1671 🏁 Aplicando centralização inicial...
App.tsx:1683 📍 Centralizando em jogador single player: {x: 20, y: 22}
useCameraControl.ts:82 🔍 Escala detectada: 0.67822265625, Container: 1389x874
useCameraControl.ts:122 🎥 Centralizando câmera no player:
useCameraControl.ts:123   📍 Player: (1978.8559999999998, 748.192)
useCameraControl.ts:124   🌍 World Center: (2077.6, 953.8720000000001)
useCameraControl.ts:125   📏 Container: 1389x874
useCameraControl.ts:126   🔍 Scale: 0.67822265625
useCameraControl.ts:127   ➡️ Target Offset: (66.9704179687501, 139.49683593750004)
useCameraControl.ts:128   📐 Clamped Offset: (66.9704179687501, 139.49683593750004)
useCameraControl.ts:129   🔒 Max Offset: (347.25, 218.1630859375)
App.tsx:1709 ✅ Centralização inicial aplicada
useCameraControl.ts:153 ✅ Centralização da câmera concluída
Player.ts:411 🔍 🎬 👟 Movimento suave completo para tile (20,23). Movimentos restantes: 5
Player.ts:231 Movimento inválido: não pode voltar para a última posição
App.tsx:1096 Verificando movimento de (20,23) para (20,24)
App.tsx:1097 Distância: 1, Movimentos restantes: 5
App.tsx:1121 Movimento inválido: destino (20,24) não é caminhável
App.tsx:1096 Verificando movimento de (20,23) para (21,23)
App.tsx:1097 Distância: 1, Movimentos restantes: 5
App.tsx:1125 Movimento válido!
App.tsx:1096 Verificando movimento de (20,23) para (21,23)
App.tsx:1097 Distância: 1, Movimentos restantes: 5
App.tsx:1125 Movimento válido!
Player.ts:191 =========> [determineDirection] Posição atual: (20, 23)
Player.ts:192 =========> [determineDirection] Posição alvo: (21, 23)
Player.ts:193 =========> [determineDirection] Delta: dx=1, dy=0
Player.ts:194 =========> [determineDirection] Direção anterior: down
Player.ts:336 🔍 🎬 👟 Iniciando movimento de (20,23) para (21,23)
IsometricBoard.tsx:265 Registrando função getTileScreenPosition
App.tsx:1027 Função de obtenção de posição do tile registrada
App.tsx:931 🎮 [GameStart] Estado atual: {pendingSelectedCharacters: null, isLoading: false, error: null, progress: 0, playerPosition: {…}}
App.tsx:940 ⏭️ [GameStart] Sem personagens pendentes, pulando...
App.tsx:1671 🏁 Aplicando centralização inicial...
App.tsx:1683 📍 Centralizando em jogador single player: {x: 20, y: 23}
useCameraControl.ts:82 🔍 Escala detectada: 0.67822265625, Container: 1389x874
useCameraControl.ts:122 🎥 Centralizando câmera no player:
useCameraControl.ts:123   📍 Player: (1930.984, 772.128)
useCameraControl.ts:124   🌍 World Center: (2077.6, 953.8720000000001)
useCameraControl.ts:125   📏 Container: 1389x874
useCameraControl.ts:126   🔍 Scale: 0.67822265625
useCameraControl.ts:127   ➡️ Target Offset: (99.43829296874999, 123.26289843750001)
useCameraControl.ts:128   📐 Clamped Offset: (99.43829296874999, 123.26289843750001)
useCameraControl.ts:129   🔒 Max Offset: (347.25, 218.1630859375)
App.tsx:1709 ✅ Centralização inicial aplicada
 ✅ Centralização da câmera concluída
 🔍 🎬 👟 Movimento suave completo para tile (21,23). Movimentos restantes: 4
 Verificando movimento de (21,23) para (21,22)
 Distância: 1, Movimentos restantes: 4
 Movimento inválido: destino (21,22) não é caminhável
 Verificando movimento de (21,23) para (21,24)
 Distância: 1, Movimentos restantes: 4
 Movimento inválido: destino (21,24) não é caminhável
 Verificando movimento de (21,23) para (22,23)
 Distância: 1, Movimentos restantes: 4
App.tsx:1125 Movimento válido!
App.tsx:1096 Verificando movimento de (21,23) para (22,23)
App.tsx:1097 Distância: 1, Movimentos restantes: 4
App.tsx:1125 Movimento válido!
Player.ts:191 =========> [determineDirection] Posição atual: (21, 23)
Player.ts:192 =========> [determineDirection] Posição alvo: (22, 23)
Player.ts:193 =========> [determineDirection] Delta: dx=1, dy=0
Player.ts:194 =========> [determineDirection] Direção anterior: right
Player.ts:336 🔍 🎬 👟 Iniciando movimento de (21,23) para (22,23)
IsometricBoard.tsx:265 Registrando função getTileScreenPosition
App.tsx:1027 Função de obtenção de posição do tile registrada
App.tsx:931 🎮 [GameStart] Estado atual: {pendingSelectedCharacters: null, isLoading: false, error: null, progress: 0, playerPosition: {…}}
App.tsx:940 ⏭️ [GameStart] Sem personagens pendentes, pulando...
App.tsx:1671 🏁 Aplicando centralização inicial...
App.tsx:1683 📍 Centralizando em jogador single player: {x: 21, y: 23}
useCameraControl.ts:82 🔍 Escala detectada: 0.67822265625, Container: 1389x874
useCameraControl.ts:122 🎥 Centralizando câmera no player:
useCameraControl.ts:123   📍 Player: (1978.8559999999998, 796.064)
useCameraControl.ts:124   🌍 World Center: (2077.6, 953.8720000000001)
useCameraControl.ts:125   📏 Container: 1389x874
useCameraControl.ts:126   🔍 Scale: 0.67822265625
useCameraControl.ts:127   ➡️ Target Offset: (66.9704179687501, 107.02896093750007)
useCameraControl.ts:128   📐 Clamped Offset: (66.9704179687501, 107.02896093750007)
useCameraControl.ts:129   🔒 Max Offset: (347.25, 218.1630859375)
App.tsx:1709 ✅ Centralização inicial aplicada
useCameraControl.ts:153 ✅ Centralização da câmera concluída
 🔍 🎬 👟 Movimento suave completo para tile (22,23). Movimentos restantes: 3
 Verificando movimento de (22,23) para (22,22)
 Distância: 1, Movimentos restantes: 3
 Movimento inválido: destino (22,22) não é caminhável
 Verificando movimento de (22,23) para (22,24)
 Distância: 1, Movimentos restantes: 3
 Movimento inválido: destino (22,24) não é caminhável
 Verificando movimento de (22,23) para (23,23)
 Distância: 1, Movimentos restantes: 3
App.tsx:1125 Movimento válido!
App.tsx:1096 Verificando movimento de (22,23) para (23,23)
App.tsx:1097 Distância: 1, Movimentos restantes: 3
App.tsx:1125 Movimento válido!
Player.ts:191 =========> [determineDirection] Posição atual: (22, 23)
Player.ts:192 =========> [determineDirection] Posição alvo: (23, 23)
Player.ts:193 =========> [determineDirection] Delta: dx=1, dy=0
Player.ts:194 =========> [determineDirection] Direção anterior: right
Player.ts:336 🔍 🎬 👟 Iniciando movimento de (22,23) para (23,23)
IsometricBoard.tsx:265 Registrando função getTileScreenPosition
App.tsx:1027 Função de obtenção de posição do tile registrada
App.tsx:931 🎮 [GameStart] Estado atual: {pendingSelectedCharacters: null, isLoading: false, error: null, progress: 0, playerPosition: {…}}
App.tsx:940 ⏭️ [GameStart] Sem personagens pendentes, pulando...
App.tsx:1671 🏁 Aplicando centralização inicial...
App.tsx:1683 📍 Centralizando em jogador single player: {x: 22, y: 23}
useCameraControl.ts:82 🔍 Escala detectada: 0.67822265625, Container: 1389x874
useCameraControl.ts:122 🎥 Centralizando câmera no player:
useCameraControl.ts:123   📍 Player: (2026.728, 819.9999999999999)
useCameraControl.ts:124   🌍 World Center: (2077.6, 953.8720000000001)
useCameraControl.ts:125   📏 Container: 1389x874
useCameraControl.ts:126   🔍 Scale: 0.67822265625
useCameraControl.ts:127   ➡️ Target Offset: (34.50254296874989, 90.79502343750012)
useCameraControl.ts:128   📐 Clamped Offset: (34.50254296874989, 90.79502343750012)
useCameraControl.ts:129   🔒 Max Offset: (347.25, 218.1630859375)
App.tsx:1709 ✅ Centralização inicial aplicada
useCameraControl.ts:153 ✅ Centralização da câmera concluída
Player.ts:411 🔍 🎬 👟 Movimento suave completo para tile (23,23). Movimentos restantes: 2
App.tsx:1096 Verificando movimento de (23,23) para (23,22)
App.tsx:1097 Distância: 1, Movimentos restantes: 2
App.tsx:1121 Movimento inválido: destino (23,22) não é caminhável
App.tsx:1096 Verificando movimento de (23,23) para (23,24)
App.tsx:1097 Distância: 1, Movimentos restantes: 2
App.tsx:1121 Movimento inválido: destino (23,24) não é caminhável
App.tsx:1096 Verificando movimento de (23,23) para (24,23)
App.tsx:1097 Distância: 1, Movimentos restantes: 2
App.tsx:1125 Movimento válido!
App.tsx:1096 Verificando movimento de (23,23) para (24,23)
App.tsx:1097 Distância: 1, Movimentos restantes: 2
App.tsx:1125 Movimento válido!
Player.ts:191 =========> [determineDirection] Posição atual: (23, 23)
Player.ts:192 =========> [determineDirection] Posição alvo: (24, 23)
Player.ts:193 =========> [determineDirection] Delta: dx=1, dy=0
Player.ts:194 =========> [determineDirection] Direção anterior: right
Player.ts:336 🔍 🎬 👟 Iniciando movimento de (23,23) para (24,23)
IsometricBoard.tsx:265 Registrando função getTileScreenPosition
App.tsx:1027 Função de obtenção de posição do tile registrada
App.tsx:931 🎮 [GameStart] Estado atual: {pendingSelectedCharacters: null, isLoading: false, error: null, progress: 0, playerPosition: {…}}
App.tsx:940 ⏭️ [GameStart] Sem personagens pendentes, pulando...
App.tsx:1671 🏁 Aplicando centralização inicial...
App.tsx:1683 📍 Centralizando em jogador single player: {x: 23, y: 23}
useCameraControl.ts:82 🔍 Escala detectada: 0.67822265625, Container: 1389x874
useCameraControl.ts:122 🎥 Centralizando câmera no player:
useCameraControl.ts:123   📍 Player: (2074.6, 843.936)
useCameraControl.ts:124   🌍 World Center: (2077.6, 953.8720000000001)
useCameraControl.ts:125   📏 Container: 1389x874
useCameraControl.ts:126   🔍 Scale: 0.67822265625
useCameraControl.ts:127   ➡️ Target Offset: (2.03466796875, 74.56108593750002)
useCameraControl.ts:128   📐 Clamped Offset: (2.03466796875, 74.56108593750002)
useCameraControl.ts:129   🔒 Max Offset: (347.25, 218.1630859375)
App.tsx:1709 ✅ Centralização inicial aplicada
 ✅ Centralização da câmera concluída
 🔍 🎬 👟 Movimento suave completo para tile (24,23). Movimentos restantes: 1
 Verificando movimento de (24,23) para (24,22)
 Distância: 1, Movimentos restantes: 1
 Movimento inválido: destino (24,22) não é caminhável
 Verificando movimento de (24,23) para (24,24)
 Distância: 1, Movimentos restantes: 1
 Movimento inválido: destino (24,24) não é caminhável
 Verificando movimento de (24,23) para (25,23)
 Distância: 1, Movimentos restantes: 1
App.tsx:1125 Movimento válido!
App.tsx:1096 Verificando movimento de (24,23) para (25,23)
App.tsx:1097 Distância: 1, Movimentos restantes: 1
App.tsx:1125 Movimento válido!
Player.ts:191 =========> [determineDirection] Posição atual: (24, 23)
Player.ts:192 =========> [determineDirection] Posição alvo: (25, 23)
Player.ts:193 =========> [determineDirection] Delta: dx=1, dy=0
Player.ts:194 =========> [determineDirection] Direção anterior: right
Player.ts:336 🔍 🎬 👟 Iniciando movimento de (24,23) para (25,23)
IsometricBoard.tsx:265 Registrando função getTileScreenPosition
App.tsx:1027 Função de obtenção de posição do tile registrada
App.tsx:931 🎮 [GameStart] Estado atual: {pendingSelectedCharacters: null, isLoading: false, error: null, progress: 0, playerPosition: {…}}
App.tsx:940 ⏭️ [GameStart] Sem personagens pendentes, pulando...
App.tsx:1671 🏁 Aplicando centralização inicial...
App.tsx:1683 📍 Centralizando em jogador single player: {x: 24, y: 23}
useCameraControl.ts:82 🔍 Escala detectada: 0.67822265625, Container: 1389x874
useCameraControl.ts:122 🎥 Centralizando câmera no player:
useCameraControl.ts:123   📍 Player: (2122.4719999999998, 867.872)
useCameraControl.ts:124   🌍 World Center: (2077.6, 953.8720000000001)
useCameraControl.ts:125   📏 Container: 1389x874
useCameraControl.ts:126   🔍 Scale: 0.67822265625
useCameraControl.ts:127   ➡️ Target Offset: (-30.433207031249893, 58.32714843750008)
useCameraControl.ts:128   📐 Clamped Offset: (-30.433207031249893, 58.32714843750008)
useCameraControl.ts:129   🔒 Max Offset: (347.25, 218.1630859375)
App.tsx:1709 ✅ Centralização inicial aplicada
Player.ts:411 🔍 🎬 👟 Movimento suave completo para tile (25,23). Movimentos restantes: 0
useCameraControl.ts:153 ✅ Centralização da câmera concluída
App.tsx:178 [FSM] Aguardando final da animação do Player (caminhada) --CAMINHADA_ANIMACAO_FIM--> Aguardando confirmação para próxima notícia
App.tsx:178 [FSM] Aguardando final da animação do Player (caminhada) --CAMINHADA_ANIMACAO_FIM--> Aguardando confirmação para próxima notícia
 Registrando função getTileScreenPosition
 Função de obtenção de posição do tile registrada
 🎮 [GameStart] Estado atual: {pendingSelectedCharacters: null, isLoading: false, error: null, progress: 0, playerPosition: {…}}
 ⏭️ [GameStart] Sem personagens pendentes, pulando...
 🏁 Aplicando centralização inicial...
 📍 Centralizando em jogador single player: {x: 25, y: 23}
 🔍 Escala detectada: 0.67822265625, Container: 1389x874
 🎥 Centralizando câmera no player:
useCameraControl.ts:123   📍 Player: (2170.344, 891.8079999999999)
useCameraControl.ts:124   🌍 World Center: (2077.6, 953.8720000000001)
useCameraControl.ts:125   📏 Container: 1389x874
useCameraControl.ts:126   🔍 Scale: 0.67822265625
useCameraControl.ts:127   ➡️ Target Offset: (-62.9010820312501, 42.09321093750013)
useCameraControl.ts:128   📐 Clamped Offset: (-62.9010820312501, 42.09321093750013)
useCameraControl.ts:129   🔒 Max Offset: (347.25, 218.1630859375)
App.tsx:1709 ✅ Centralização inicial aplicada
App.tsx:2466 [FSM] Entrou em AguardandoProximaNoticia, aguardando botão para seguir
IsometricBoard.tsx:265 Registrando função getTileScreenPosition
App.tsx:1027 Função de obtenção de posição do tile registrada
App.tsx:931 🎮 [GameStart] Estado atual: {pendingSelectedCharacters: null, isLoading: false, error: null, progress: 0, playerPosition: {…}}
App.tsx:940 ⏭️ [GameStart] Sem personagens pendentes, pulando...
App.tsx:1671 🏁 Aplicando centralização inicial...
App.tsx:1683 📍 Centralizando em jogador single player: {x: 25, y: 23}
useCameraControl.ts:82 🔍 Escala detectada: 0.67822265625, Container: 1389x874
useCameraControl.ts:122 🎥 Centralizando câmera no player:
useCameraControl.ts:123   📍 Player: (2170.344, 891.8079999999999)
useCameraControl.ts:124   🌍 World Center: (2077.6, 953.8720000000001)
useCameraControl.ts:125   📏 Container: 1389x874
useCameraControl.ts:126   🔍 Scale: 0.67822265625
useCameraControl.ts:127   ➡️ Target Offset: (-62.9010820312501, 42.09321093750013)
useCameraControl.ts:128   📐 Clamped Offset: (-62.9010820312501, 42.09321093750013)
useCameraControl.ts:129   🔒 Max Offset: (347.25, 218.1630859375)
App.tsx:1709 ✅ Centralização inicial aplicada
useCameraControl.ts:153 ✅ Centralização da câmera concluída
useCameraControl.ts:153 ✅ Centralização da câmera concluída
useCameraControl.ts:153 ✅ Centralização da câmera concluída
useCameraControl.ts:153 ✅ Centralização da câmera concluída
useCameraControl.ts:153 ✅ Centralização da câmera concluída
useCameraControl.ts:153 ✅ Centralização da câmera concluída
useCameraControl.ts:153 ✅ Centralização da câmera concluída
useCameraControl.ts:153 ✅ Centralização da câmera concluída
useCameraControl.ts:153 ✅ Centralização da câmera concluída
useCameraControl.ts:153 ✅ Centralização da câmera concluída
App.tsx:178 [FSM] Aguardando confirmação para próxima notícia --PROXIMA_NOTICIA--> Aguardando 1 segundo para a notícia
App.tsx:178 [FSM] Aguardando confirmação para próxima notícia --PROXIMA_NOTICIA--> Aguardando 1 segundo para a notícia
IsometricBoard.tsx:265 Registrando função getTileScreenPosition
App.tsx:1027 Função de obtenção de posição do tile registrada
App.tsx:2451 [FSM] Entrou em AguardandoNoticia1, aguardando 1s para mostrar notícia
App.tsx:586 IDs no histórico: [313]
App.tsx:590 Notícias disponíveis (fora do histórico): 133
App.tsx:611 [HitsTracker] 📰 Notícia adicionada ao histórico. newsHistory.length: 1 → 2
App.tsx:611 [HitsTracker] 📰 Notícia adicionada ao histórico. newsHistory.length: 1 → 2
App.tsx:442 [HitsTracker] 🔄 Sincronizado newsHistoryLengthRef.current = 2
App.tsx:2451 [FSM] Entrou em AguardandoNoticia1, aguardando 1s para mostrar notícia
App.tsx:178 [FSM] Aguardando 1 segundo para a notícia --NEWS_TIMEOUT--> Aguardando avaliação de notícia
App.tsx:178 [FSM] Aguardando 1 segundo para a notícia --NEWS_TIMEOUT--> Aguardando avaliação de notícia
IsometricBoard.tsx:265 Registrando função getTileScreenPosition
App.tsx:1027 Função de obtenção de posição do tile registrada
App.tsx:2461 [FSM] Entrou em AvaliacaoNoticia, habilitando avaliação
App.tsx:478 Narrando texto: Parabêhiins!!!!!!!!!. Role o dado!
speechService.ts:163 🔍 [SpeechService] 🔍 Voz selecionada: Fernanda (Aprimorada)
speechService.ts:164 🔍 [SpeechService] 🔍 Texto a ser narrado: Parabêhiins!!!!!!!!!. Role o dado!
speechService.ts:165 🔍 [SpeechService] 🔍 Pitch: 1.2000000476837158
speechService.ts:166 🔍 [SpeechService] 🔍 Rate: 1.5
speechService.ts:167 🔍 [SpeechService] 🔍 Volume: 1
speechService.ts:168 🔍 [SpeechService] 🔍 Lang: pt-BR
speechService.ts:169 🔍 [SpeechService] 🔍 vozes: (202) [SpeechSynthesisVoice, SpeechSynthesisVoice, SpeechSynthesisVoice, SpeechSynthesisVoice, SpeechSynthesisVoice, SpeechSynthesisVoice, SpeechSynthesisVoice, SpeechSynthesisVoice, SpeechSynthesisVoice, SpeechSynthesisVoice, SpeechSynthesisVoice, SpeechSynthesisVoice, SpeechSynthesisVoice, SpeechSynthesisVoice, SpeechSynthesisVoice, SpeechSynthesisVoice, SpeechSynthesisVoice, SpeechSynthesisVoice, SpeechSynthesisVoice, SpeechSynthesisVoice, SpeechSynthesisVoice, SpeechSynthesisVoice, SpeechSynthesisVoice, SpeechSynthesisVoice, SpeechSynthesisVoice, SpeechSynthesisVoice, SpeechSynthesisVoice, SpeechSynthesisVoice, SpeechSynthesisVoice, SpeechSynthesisVoice, SpeechSynthesisVoice, SpeechSynthesisVoice, SpeechSynthesisVoice, SpeechSynthesisVoice, SpeechSynthesisVoice, SpeechSynthesisVoice, SpeechSynthesisVoice, SpeechSynthesisVoice, SpeechSynthesisVoice, SpeechSynthesisVoice, SpeechSynthesisVoice, SpeechSynthesisVoice, SpeechSynthesisVoice, SpeechSynthesisVoice, SpeechSynthesisVoice, SpeechSynthesisVoice, SpeechSynthesisVoice, SpeechSynthesisVoice, SpeechSynthesisVoice, SpeechSynthesisVoice, SpeechSynthesisVoice, SpeechSynthesisVoice, SpeechSynthesisVoice, SpeechSynthesisVoice, SpeechSynthesisVoice, SpeechSynthesisVoice, SpeechSynthesisVoice, SpeechSynthesisVoice, SpeechSynthesisVoice, SpeechSynthesisVoice, SpeechSynthesisVoice, SpeechSynthesisVoice, SpeechSynthesisVoice, SpeechSynthesisVoice, SpeechSynthesisVoice, SpeechSynthesisVoice, SpeechSynthesisVoice, SpeechSynthesisVoice, SpeechSynthesisVoice, SpeechSynthesisVoice, SpeechSynthesisVoice, SpeechSynthesisVoice, SpeechSynthesisVoice, SpeechSynthesisVoice, SpeechSynthesisVoice, SpeechSynthesisVoice, SpeechSynthesisVoice, SpeechSynthesisVoice, SpeechSynthesisVoice, SpeechSynthesisVoice, SpeechSynthesisVoice, SpeechSynthesisVoice, SpeechSynthesisVoice, SpeechSynthesisVoice, SpeechSynthesisVoice, SpeechSynthesisVoice, SpeechSynthesisVoice, SpeechSynthesisVoice, SpeechSynthesisVoice, SpeechSynthesisVoice, SpeechSynthesisVoice, SpeechSynthesisVoice, SpeechSynthesisVoice, SpeechSynthesisVoice, SpeechSynthesisVoice, SpeechSynthesisVoice, SpeechSynthesisVoice, SpeechSynthesisVoice, SpeechSynthesisVoice, SpeechSynthesisVoice, …]
App.tsx:1821 [HitsTracker] ✅ Acerto registrado! hits: 1 → 2, newsHistory.length: 2
App.tsx:1821 [HitsTracker] ✅ Acerto registrado! hits: 1 → 2, newsHistory.length: 2
App.tsx:178 [FSM] Aguardando avaliação de notícia --AVALIACAO_CORRETA--> Aguardando lançamento do dado
App.tsx:178 [FSM] Aguardando avaliação de notícia --AVALIACAO_CORRETA--> Aguardando lançamento do dado
IsometricBoard.tsx:265 Registrando função getTileScreenPosition
App.tsx:1027 Função de obtenção de posição do tile registrada
App.tsx:437 [HitsTracker] 🔄 Sincronizado hitsRef.current = 2
App.tsx:2485 [FSM] Entrou em LancamentoDado, habilitando dado
App.tsx:178 [FSM] Aguardando lançamento do dado --DADO_CLICADO--> Aguardando final da animação do Dado
App.tsx:178 [FSM] Aguardando lançamento do dado --DADO_CLICADO--> Aguardando final da animação do Dado
IsometricBoard.tsx:265 Registrando função getTileScreenPosition
App.tsx:1027 Função de obtenção de posição do tile registrada
App.tsx:2489 [FSM] Entrou em AnimacaoDado, aguardando término da animação do dado
App.tsx:919 🐵 Macacos atualizados após 24 segundos
App.tsx:1922 🎲 Dado rolado: 4, Movimentos acelerados: 16 (4 × 4)
App.tsx:178 [FSM] Aguardando final da animação do Dado --DADO_ANIMACAO_FIM--> Aguardando 1 segundo para caminhada
App.tsx:178 [FSM] Aguardando final da animação do Dado --DADO_ANIMACAO_FIM--> Aguardando 1 segundo para caminhada
IsometricBoard.tsx:265 Registrando função getTileScreenPosition
App.tsx:1027 Função de obtenção de posição do tile registrada
App.tsx:2493 [FSM] Entrou em AguardandoCaminhada, aguardando 1s para iniciar caminhada
App.tsx:178 [FSM] Aguardando 1 segundo para caminhada --CAMINHADA_TIMEOUT--> Aguardando final da animação do Player (caminhada)
App.tsx:178 [FSM] Aguardando 1 segundo para caminhada --CAMINHADA_TIMEOUT--> Aguardando final da animação do Player (caminhada)
IsometricBoard.tsx:265 Registrando função getTileScreenPosition
App.tsx:1027 Função de obtenção de posição do tile registrada
App.tsx:2497 [FSM] Entrou em AnimacaoCaminhada, aguardando final da caminhada
App.tsx:1096 Verificando movimento de (25,23) para (25,22)
App.tsx:1097 Distância: 1, Movimentos restantes: 16
App.tsx:1121 Movimento inválido: destino (25,22) não é caminhável
App.tsx:1096 Verificando movimento de (25,23) para (25,24)
App.tsx:1097 Distância: 1, Movimentos restantes: 16
App.tsx:1121 Movimento inválido: destino (25,24) não é caminhável
App.tsx:1096 Verificando movimento de (25,23) para (26,23)
App.tsx:1097 Distância: 1, Movimentos restantes: 16
App.tsx:1125 Movimento válido!
App.tsx:1096 Verificando movimento de (25,23) para (26,23)
App.tsx:1097 Distância: 1, Movimentos restantes: 16
App.tsx:1125 Movimento válido!
Player.ts:191 =========> [determineDirection] Posição atual: (25, 23)
Player.ts:192 =========> [determineDirection] Posição alvo: (26, 23)
Player.ts:193 =========> [determineDirection] Delta: dx=1, dy=0
Player.ts:194 =========> [determineDirection] Direção anterior: right
Player.ts:336 🔍 🎬 👟 Iniciando movimento de (25,23) para (26,23)
 🔍 🎬 👟 Movimento suave completo para tile (26,23). Movimentos restantes: 15
 Verificando movimento de (26,23) para (26,22)
 Distância: 1, Movimentos restantes: 15
 Movimento inválido: destino (26,22) não é caminhável
 Verificando movimento de (26,23) para (26,24)
 Distância: 1, Movimentos restantes: 15
 Movimento inválido: destino (26,24) não é caminhável
 Verificando movimento de (26,23) para (27,23)
 Distância: 1, Movimentos restantes: 15
App.tsx:1125 Movimento válido!
App.tsx:1096 Verificando movimento de (26,23) para (27,23)
App.tsx:1097 Distância: 1, Movimentos restantes: 15
App.tsx:1125 Movimento válido!
Player.ts:191 =========> [determineDirection] Posição atual: (26, 23)
Player.ts:192 =========> [determineDirection] Posição alvo: (27, 23)
Player.ts:193 =========> [determineDirection] Delta: dx=1, dy=0
Player.ts:194 =========> [determineDirection] Direção anterior: right
Player.ts:336 🔍 🎬 👟 Iniciando movimento de (26,23) para (27,23)
IsometricBoard.tsx:265 Registrando função getTileScreenPosition
App.tsx:1027 Função de obtenção de posição do tile registrada
App.tsx:931 🎮 [GameStart] Estado atual: {pendingSelectedCharacters: null, isLoading: false, error: null, progress: 0, playerPosition: {…}}
App.tsx:940 ⏭️ [GameStart] Sem personagens pendentes, pulando...
App.tsx:1671 🏁 Aplicando centralização inicial...
App.tsx:1683 📍 Centralizando em jogador single player: {x: 26, y: 23}
useCameraControl.ts:82 🔍 Escala detectada: 0.67822265625, Container: 1389x874
useCameraControl.ts:122 🎥 Centralizando câmera no player:
useCameraControl.ts:123   📍 Player: (2218.216, 915.744)
useCameraControl.ts:124   🌍 World Center: (2077.6, 953.8720000000001)
useCameraControl.ts:125   📏 Container: 1389x874
useCameraControl.ts:126   🔍 Scale: 0.67822265625
useCameraControl.ts:127   ➡️ Target Offset: (-95.36895703124999, 25.85927343750003)
useCameraControl.ts:128   📐 Clamped Offset: (-95.36895703124999, 25.85927343750003)
useCameraControl.ts:129   🔒 Max Offset: (347.25, 218.1630859375)
App.tsx:1709 ✅ Centralização inicial aplicada
Player.ts:411 🔍 🎬 👟 Movimento suave completo para tile (27,23). Movimentos restantes: 14
App.tsx:1096 Verificando movimento de (27,23) para (27,22)
App.tsx:1097 Distância: 1, Movimentos restantes: 14
App.tsx:1121 Movimento inválido: destino (27,22) não é caminhável
App.tsx:1096 Verificando movimento de (27,23) para (27,24)
App.tsx:1097 Distância: 1, Movimentos restantes: 14
App.tsx:1121 Movimento inválido: destino (27,24) não é caminhável
App.tsx:1096 Verificando movimento de (27,23) para (28,23)
App.tsx:1097 Distância: 1, Movimentos restantes: 14
App.tsx:1125 Movimento válido!
App.tsx:1096 Verificando movimento de (27,23) para (28,23)
App.tsx:1097 Distância: 1, Movimentos restantes: 14
App.tsx:1125 Movimento válido!
Player.ts:191 =========> [determineDirection] Posição atual: (27, 23)
Player.ts:192 =========> [determineDirection] Posição alvo: (28, 23)
Player.ts:193 =========> [determineDirection] Delta: dx=1, dy=0
Player.ts:194 =========> [determineDirection] Direção anterior: right
Player.ts:336 🔍 🎬 👟 Iniciando movimento de (27,23) para (28,23)
IsometricBoard.tsx:265 Registrando função getTileScreenPosition
App.tsx:1027 Função de obtenção de posição do tile registrada
App.tsx:931 🎮 [GameStart] Estado atual: {pendingSelectedCharacters: null, isLoading: false, error: null, progress: 0, playerPosition: {…}}
App.tsx:940 ⏭️ [GameStart] Sem personagens pendentes, pulando...
App.tsx:1671 🏁 Aplicando centralização inicial...
App.tsx:1683 📍 Centralizando em jogador single player: {x: 27, y: 23}
useCameraControl.ts:82 🔍 Escala detectada: 0.67822265625, Container: 1389x874
useCameraControl.ts:122 🎥 Centralizando câmera no player:
useCameraControl.ts:123   📍 Player: (2266.0879999999997, 939.6799999999998)
useCameraControl.ts:124   🌍 World Center: (2077.6, 953.8720000000001)
useCameraControl.ts:125   📏 Container: 1389x874
useCameraControl.ts:126   🔍 Scale: 0.67822265625
useCameraControl.ts:127   ➡️ Target Offset: (-127.83683203124988, 9.625335937500159)
useCameraControl.ts:128   📐 Clamped Offset: (-127.83683203124988, 9.625335937500159)
useCameraControl.ts:129   🔒 Max Offset: (347.25, 218.1630859375)
App.tsx:1709 ✅ Centralização inicial aplicada
 🔍 🎬 👟 Movimento suave completo para tile (28,23). Movimentos restantes: 13
 Verificando movimento de (28,23) para (28,22)
 Distância: 1, Movimentos restantes: 13
 Movimento inválido: destino (28,22) não é caminhável
 Verificando movimento de (28,23) para (28,24)
 Distância: 1, Movimentos restantes: 13
 Movimento inválido: destino (28,24) não é caminhável
 Verificando movimento de (28,23) para (29,23)
 Distância: 1, Movimentos restantes: 13
App.tsx:1125 Movimento válido!
App.tsx:1096 Verificando movimento de (28,23) para (29,23)
App.tsx:1097 Distância: 1, Movimentos restantes: 13
App.tsx:1125 Movimento válido!
Player.ts:191 =========> [determineDirection] Posição atual: (28, 23)
Player.ts:192 =========> [determineDirection] Posição alvo: (29, 23)
Player.ts:193 =========> [determineDirection] Delta: dx=1, dy=0
Player.ts:194 =========> [determineDirection] Direção anterior: right
Player.ts:336 🔍 🎬 👟 Iniciando movimento de (28,23) para (29,23)
IsometricBoard.tsx:265 Registrando função getTileScreenPosition
App.tsx:1027 Função de obtenção de posição do tile registrada
App.tsx:931 🎮 [GameStart] Estado atual: {pendingSelectedCharacters: null, isLoading: false, error: null, progress: 0, playerPosition: {…}}
App.tsx:940 ⏭️ [GameStart] Sem personagens pendentes, pulando...
App.tsx:1671 🏁 Aplicando centralização inicial...
App.tsx:1683 📍 Centralizando em jogador single player: {x: 28, y: 23}
useCameraControl.ts:82 🔍 Escala detectada: 0.67822265625, Container: 1389x874
useCameraControl.ts:122 🎥 Centralizando câmera no player:
useCameraControl.ts:123   📍 Player: (2313.96, 963.616)
useCameraControl.ts:124   🌍 World Center: (2077.6, 953.8720000000001)
useCameraControl.ts:125   📏 Container: 1389x874
useCameraControl.ts:126   🔍 Scale: 0.67822265625
useCameraControl.ts:127   ➡️ Target Offset: (-160.30470703125008, -6.608601562499942)
useCameraControl.ts:128   📐 Clamped Offset: (-160.30470703125008, -6.608601562499942)
useCameraControl.ts:129   🔒 Max Offset: (347.25, 218.1630859375)
App.tsx:1709 ✅ Centralização inicial aplicada
Player.ts:411 🔍 🎬 👟 Movimento suave completo para tile (29,23). Movimentos restantes: 12
App.tsx:1096 Verificando movimento de (29,23) para (29,22)
App.tsx:1097 Distância: 1, Movimentos restantes: 12
App.tsx:1121 Movimento inválido: destino (29,22) não é caminhável
App.tsx:1096 Verificando movimento de (29,23) para (29,24)
App.tsx:1097 Distância: 1, Movimentos restantes: 12
App.tsx:1121 Movimento inválido: destino (29,24) não é caminhável
App.tsx:1096 Verificando movimento de (29,23) para (30,23)
App.tsx:1097 Distância: 1, Movimentos restantes: 12
App.tsx:1125 Movimento válido!
App.tsx:1096 Verificando movimento de (29,23) para (30,23)
App.tsx:1097 Distância: 1, Movimentos restantes: 12
App.tsx:1125 Movimento válido!
Player.ts:191 =========> [determineDirection] Posição atual: (29, 23)
Player.ts:192 =========> [determineDirection] Posição alvo: (30, 23)
Player.ts:193 =========> [determineDirection] Delta: dx=1, dy=0
Player.ts:194 =========> [determineDirection] Direção anterior: right
Player.ts:336 🔍 🎬 👟 Iniciando movimento de (29,23) para (30,23)
App.tsx:1828 🎉 [TiabelAnimation] Animação da tiabel concluída!
IsometricBoard.tsx:265 Registrando função getTileScreenPosition
App.tsx:1027 Função de obtenção de posição do tile registrada
App.tsx:931 🎮 [GameStart] Estado atual: {pendingSelectedCharacters: null, isLoading: false, error: null, progress: 0, playerPosition: {…}}
App.tsx:940 ⏭️ [GameStart] Sem personagens pendentes, pulando...
App.tsx:1671 🏁 Aplicando centralização inicial...
App.tsx:1683 📍 Centralizando em jogador single player: {x: 29, y: 23}
useCameraControl.ts:82 🔍 Escala detectada: 0.67822265625, Container: 1389x874
useCameraControl.ts:122 🎥 Centralizando câmera no player:
useCameraControl.ts:123   📍 Player: (2361.832, 987.5520000000001)
useCameraControl.ts:124   🌍 World Center: (2077.6, 953.8720000000001)
useCameraControl.ts:125   📏 Container: 1389x874
useCameraControl.ts:126   🔍 Scale: 0.67822265625
useCameraControl.ts:127   ➡️ Target Offset: (-192.77258203124998, -22.842539062500045)
useCameraControl.ts:128   📐 Clamped Offset: (-192.77258203124998, -22.842539062500045)
useCameraControl.ts:129   🔒 Max Offset: (347.25, 218.1630859375)
App.tsx:1709 ✅ Centralização inicial aplicada
 🔍 🎬 👟 Movimento suave completo para tile (30,23). Movimentos restantes: 11
 Verificando movimento de (30,23) para (30,22)
 Distância: 1, Movimentos restantes: 11
 Movimento inválido: destino (30,22) não é caminhável
 Verificando movimento de (30,23) para (30,24)
 Distância: 1, Movimentos restantes: 11
 Movimento inválido: destino (30,24) não é caminhável
 Verificando movimento de (30,23) para (31,23)
 Distância: 1, Movimentos restantes: 11
App.tsx:1125 Movimento válido!
App.tsx:1096 Verificando movimento de (30,23) para (31,23)
App.tsx:1097 Distância: 1, Movimentos restantes: 11
App.tsx:1125 Movimento válido!
Player.ts:191 =========> [determineDirection] Posição atual: (30, 23)
Player.ts:192 =========> [determineDirection] Posição alvo: (31, 23)
Player.ts:193 =========> [determineDirection] Delta: dx=1, dy=0
Player.ts:194 =========> [determineDirection] Direção anterior: right
Player.ts:336 🔍 🎬 👟 Iniciando movimento de (30,23) para (31,23)
IsometricBoard.tsx:265 Registrando função getTileScreenPosition
App.tsx:1027 Função de obtenção de posição do tile registrada
App.tsx:931 🎮 [GameStart] Estado atual: {pendingSelectedCharacters: null, isLoading: false, error: null, progress: 0, playerPosition: {…}}
App.tsx:940 ⏭️ [GameStart] Sem personagens pendentes, pulando...
App.tsx:1671 🏁 Aplicando centralização inicial...
App.tsx:1683 📍 Centralizando em jogador single player: {x: 30, y: 23}
useCameraControl.ts:82 🔍 Escala detectada: 0.67822265625, Container: 1389x874
useCameraControl.ts:122 🎥 Centralizando câmera no player:
useCameraControl.ts:123   📍 Player: (2409.7039999999997, 1011.4879999999998)
useCameraControl.ts:124   🌍 World Center: (2077.6, 953.8720000000001)
useCameraControl.ts:125   📏 Container: 1389x874
useCameraControl.ts:126   🔍 Scale: 0.67822265625
useCameraControl.ts:127   ➡️ Target Offset: (-225.24045703124986, -39.076476562499835)
useCameraControl.ts:128   📐 Clamped Offset: (-225.24045703124986, -39.076476562499835)
useCameraControl.ts:129   🔒 Max Offset: (347.25, 218.1630859375)
App.tsx:1709 ✅ Centralização inicial aplicada
 🔍 🎬 👟 Movimento suave completo para tile (31,23). Movimentos restantes: 10
 Verificando movimento de (31,23) para (31,22)
 Distância: 1, Movimentos restantes: 10
 Movimento inválido: destino (31,22) não é caminhável
 Verificando movimento de (31,23) para (31,24)
 Distância: 1, Movimentos restantes: 10
 Movimento inválido: destino (31,24) não é caminhável
 Verificando movimento de (31,23) para (32,23)
 Distância: 1, Movimentos restantes: 10
App.tsx:1125 Movimento válido!
App.tsx:1096 Verificando movimento de (31,23) para (32,23)
App.tsx:1097 Distância: 1, Movimentos restantes: 10
App.tsx:1125 Movimento válido!
Player.ts:191 =========> [determineDirection] Posição atual: (31, 23)
Player.ts:192 =========> [determineDirection] Posição alvo: (32, 23)
Player.ts:193 =========> [determineDirection] Delta: dx=1, dy=0
Player.ts:194 =========> [determineDirection] Direção anterior: right
Player.ts:336 🔍 🎬 👟 Iniciando movimento de (31,23) para (32,23)
IsometricBoard.tsx:265 Registrando função getTileScreenPosition
App.tsx:1027 Função de obtenção de posição do tile registrada
App.tsx:931 🎮 [GameStart] Estado atual: {pendingSelectedCharacters: null, isLoading: false, error: null, progress: 0, playerPosition: {…}}
App.tsx:940 ⏭️ [GameStart] Sem personagens pendentes, pulando...
App.tsx:1671 🏁 Aplicando centralização inicial...
App.tsx:1683 📍 Centralizando em jogador single player: {x: 31, y: 23}
useCameraControl.ts:82 🔍 Escala detectada: 0.67822265625, Container: 1389x874
useCameraControl.ts:122 🎥 Centralizando câmera no player:
useCameraControl.ts:123   📍 Player: (2457.576, 1035.424)
useCameraControl.ts:124   🌍 World Center: (2077.6, 953.8720000000001)
useCameraControl.ts:125   📏 Container: 1389x874
useCameraControl.ts:126   🔍 Scale: 0.67822265625
useCameraControl.ts:127   ➡️ Target Offset: (-257.70833203125005, -55.31041406249994)
useCameraControl.ts:128   📐 Clamped Offset: (-257.70833203125005, -55.31041406249994)
useCameraControl.ts:129   🔒 Max Offset: (347.25, 218.1630859375)
App.tsx:1709 ✅ Centralização inicial aplicada
Player.ts:411 🔍 🎬 👟 Movimento suave completo para tile (32,23). Movimentos restantes: 9
App.tsx:1096 Verificando movimento de (32,23) para (32,22)
App.tsx:1097 Distância: 1, Movimentos restantes: 9
App.tsx:1121 Movimento inválido: destino (32,22) não é caminhável
App.tsx:1096 Verificando movimento de (32,23) para (32,24)
App.tsx:1097 Distância: 1, Movimentos restantes: 9
App.tsx:1121 Movimento inválido: destino (32,24) não é caminhável
App.tsx:1096 Verificando movimento de (32,23) para (33,23)
App.tsx:1097 Distância: 1, Movimentos restantes: 9
App.tsx:1125 Movimento válido!
App.tsx:1096 Verificando movimento de (32,23) para (33,23)
App.tsx:1097 Distância: 1, Movimentos restantes: 9
App.tsx:1125 Movimento válido!
Player.ts:191 =========> [determineDirection] Posição atual: (32, 23)
Player.ts:192 =========> [determineDirection] Posição alvo: (33, 23)
Player.ts:193 =========> [determineDirection] Delta: dx=1, dy=0
Player.ts:194 =========> [determineDirection] Direção anterior: right
Player.ts:336 🔍 🎬 👟 Iniciando movimento de (32,23) para (33,23)
IsometricBoard.tsx:265 Registrando função getTileScreenPosition
App.tsx:1027 Função de obtenção de posição do tile registrada
App.tsx:931 🎮 [GameStart] Estado atual: {pendingSelectedCharacters: null, isLoading: false, error: null, progress: 0, playerPosition: {…}}
App.tsx:940 ⏭️ [GameStart] Sem personagens pendentes, pulando...
App.tsx:1671 🏁 Aplicando centralização inicial...
App.tsx:1683 📍 Centralizando em jogador single player: {x: 32, y: 23}
useCameraControl.ts:82 🔍 Escala detectada: 0.67822265625, Container: 1389x874
useCameraControl.ts:122 🎥 Centralizando câmera no player:
useCameraControl.ts:123   📍 Player: (2505.448, 1059.3600000000001)
useCameraControl.ts:124   🌍 World Center: (2077.6, 953.8720000000001)
useCameraControl.ts:125   📏 Container: 1389x874
useCameraControl.ts:126   🔍 Scale: 0.67822265625
useCameraControl.ts:127   ➡️ Target Offset: (-290.17620703125, -71.54435156250004)
useCameraControl.ts:128   📐 Clamped Offset: (-290.17620703125, -71.54435156250004)
useCameraControl.ts:129   🔒 Max Offset: (347.25, 218.1630859375)
App.tsx:1709 ✅ Centralização inicial aplicada
 🔍 🎬 👟 Movimento suave completo para tile (33,23). Movimentos restantes: 8
 Verificando movimento de (33,23) para (33,22)
 Distância: 1, Movimentos restantes: 8
 Movimento inválido: destino (33,22) não é caminhável
 Verificando movimento de (33,23) para (33,24)
 Distância: 1, Movimentos restantes: 8
 Movimento inválido: destino (33,24) não é caminhável
 Verificando movimento de (33,23) para (34,23)
 Distância: 1, Movimentos restantes: 8
App.tsx:1125 Movimento válido!
App.tsx:1096 Verificando movimento de (33,23) para (34,23)
App.tsx:1097 Distância: 1, Movimentos restantes: 8
App.tsx:1125 Movimento válido!
Player.ts:191 =========> [determineDirection] Posição atual: (33, 23)
Player.ts:192 =========> [determineDirection] Posição alvo: (34, 23)
Player.ts:193 =========> [determineDirection] Delta: dx=1, dy=0
Player.ts:194 =========> [determineDirection] Direção anterior: right
Player.ts:336 🔍 🎬 👟 Iniciando movimento de (33,23) para (34,23)
IsometricBoard.tsx:265 Registrando função getTileScreenPosition
App.tsx:1027 Função de obtenção de posição do tile registrada
App.tsx:931 🎮 [GameStart] Estado atual: {pendingSelectedCharacters: null, isLoading: false, error: null, progress: 0, playerPosition: {…}}
App.tsx:940 ⏭️ [GameStart] Sem personagens pendentes, pulando...
App.tsx:1671 🏁 Aplicando centralização inicial...
App.tsx:1683 📍 Centralizando em jogador single player: {x: 33, y: 23}
useCameraControl.ts:82 🔍 Escala detectada: 0.67822265625, Container: 1389x874
useCameraControl.ts:122 🎥 Centralizando câmera no player:
useCameraControl.ts:123   📍 Player: (2553.3199999999997, 1083.2959999999998)
useCameraControl.ts:124   🌍 World Center: (2077.6, 953.8720000000001)
useCameraControl.ts:125   📏 Container: 1389x874
useCameraControl.ts:126   🔍 Scale: 0.67822265625
useCameraControl.ts:127   ➡️ Target Offset: (-322.64408203124987, -87.77828906249984)
useCameraControl.ts:128   📐 Clamped Offset: (-322.64408203124987, -87.77828906249984)
useCameraControl.ts:129   🔒 Max Offset: (347.25, 218.1630859375)
App.tsx:1709 ✅ Centralização inicial aplicada
Player.ts:411 🔍 🎬 👟 Movimento suave completo para tile (34,23). Movimentos restantes: 7
App.tsx:1096 Verificando movimento de (34,23) para (34,22)
App.tsx:1097 Distância: 1, Movimentos restantes: 7
App.tsx:1121 Movimento inválido: destino (34,22) não é caminhável
App.tsx:1096 Verificando movimento de (34,23) para (34,24)
App.tsx:1097 Distância: 1, Movimentos restantes: 7
App.tsx:1121 Movimento inválido: destino (34,24) não é caminhável
App.tsx:1096 Verificando movimento de (34,23) para (35,23)
App.tsx:1097 Distância: 1, Movimentos restantes: 7
App.tsx:1125 Movimento válido!
App.tsx:1096 Verificando movimento de (34,23) para (35,23)
App.tsx:1097 Distância: 1, Movimentos restantes: 7
App.tsx:1125 Movimento válido!
Player.ts:191 =========> [determineDirection] Posição atual: (34, 23)
Player.ts:192 =========> [determineDirection] Posição alvo: (35, 23)
Player.ts:193 =========> [determineDirection] Delta: dx=1, dy=0
Player.ts:194 =========> [determineDirection] Direção anterior: right
Player.ts:336 🔍 🎬 👟 Iniciando movimento de (34,23) para (35,23)
IsometricBoard.tsx:265 Registrando função getTileScreenPosition
App.tsx:1027 Função de obtenção de posição do tile registrada
App.tsx:931 🎮 [GameStart] Estado atual: {pendingSelectedCharacters: null, isLoading: false, error: null, progress: 0, playerPosition: {…}}
App.tsx:940 ⏭️ [GameStart] Sem personagens pendentes, pulando...
App.tsx:1671 🏁 Aplicando centralização inicial...
App.tsx:1683 📍 Centralizando em jogador single player: {x: 34, y: 23}
useCameraControl.ts:82 🔍 Escala detectada: 0.67822265625, Container: 1389x874
useCameraControl.ts:122 🎥 Centralizando câmera no player:
useCameraControl.ts:123   📍 Player: (2601.192, 1107.232)
useCameraControl.ts:124   🌍 World Center: (2077.6, 953.8720000000001)
useCameraControl.ts:125   📏 Container: 1389x874
useCameraControl.ts:126   🔍 Scale: 0.67822265625
useCameraControl.ts:127   ➡️ Target Offset: (-355.1119570312501, -104.01222656249993)
useCameraControl.ts:128   📐 Clamped Offset: (-347.25, -104.01222656249993)
useCameraControl.ts:129   🔒 Max Offset: (347.25, 218.1630859375)
App.tsx:1709 ✅ Centralização inicial aplicada
 ✅ Centralização da câmera concluída
 🔍 🎬 👟 Movimento suave completo para tile (35,23). Movimentos restantes: 6
 Verificando movimento de (35,23) para (35,22)
 Distância: 1, Movimentos restantes: 6
 Movimento inválido: destino (35,22) não é caminhável
 Verificando movimento de (35,23) para (35,24)
 Distância: 1, Movimentos restantes: 6
 Movimento inválido: destino (35,24) não é caminhável
 Verificando movimento de (35,23) para (36,23)
 Distância: 1, Movimentos restantes: 6
App.tsx:1125 Movimento válido!
App.tsx:1096 Verificando movimento de (35,23) para (36,23)
App.tsx:1097 Distância: 1, Movimentos restantes: 6
App.tsx:1125 Movimento válido!
Player.ts:191 =========> [determineDirection] Posição atual: (35, 23)
Player.ts:192 =========> [determineDirection] Posição alvo: (36, 23)
Player.ts:193 =========> [determineDirection] Delta: dx=1, dy=0
Player.ts:194 =========> [determineDirection] Direção anterior: right
Player.ts:336 🔍 🎬 👟 Iniciando movimento de (35,23) para (36,23)
IsometricBoard.tsx:265 Registrando função getTileScreenPosition
App.tsx:1027 Função de obtenção de posição do tile registrada
App.tsx:931 🎮 [GameStart] Estado atual: {pendingSelectedCharacters: null, isLoading: false, error: null, progress: 0, playerPosition: {…}}
App.tsx:940 ⏭️ [GameStart] Sem personagens pendentes, pulando...
App.tsx:1671 🏁 Aplicando centralização inicial...
App.tsx:1683 📍 Centralizando em jogador single player: {x: 35, y: 23}
useCameraControl.ts:82 🔍 Escala detectada: 0.67822265625, Container: 1389x874
useCameraControl.ts:122 🎥 Centralizando câmera no player:
useCameraControl.ts:123   📍 Player: (2649.064, 1131.1680000000001)
useCameraControl.ts:124   🌍 World Center: (2077.6, 953.8720000000001)
useCameraControl.ts:125   📏 Container: 1389x874
useCameraControl.ts:126   🔍 Scale: 0.67822265625
useCameraControl.ts:127   ➡️ Target Offset: (-387.57983203124996, -120.24616406250003)
useCameraControl.ts:128   📐 Clamped Offset: (-347.25, -120.24616406250003)
useCameraControl.ts:129   🔒 Max Offset: (347.25, 218.1630859375)
App.tsx:1709 ✅ Centralização inicial aplicada
 ✅ Centralização da câmera concluída
 🔍 🎬 👟 Movimento suave completo para tile (36,23). Movimentos restantes: 5
 Verificando movimento de (36,23) para (36,22)
 Distância: 1, Movimentos restantes: 5
 Movimento inválido: destino (36,22) não é caminhável
 Verificando movimento de (36,23) para (36,24)
 Distância: 1, Movimentos restantes: 5
App.tsx:1125 Movimento válido!
App.tsx:1096 Verificando movimento de (36,23) para (36,24)
App.tsx:1097 Distância: 1, Movimentos restantes: 5
App.tsx:1125 Movimento válido!
Player.ts:191 =========> [determineDirection] Posição atual: (36, 23)
Player.ts:192 =========> [determineDirection] Posição alvo: (36, 24)
Player.ts:193 =========> [determineDirection] Delta: dx=0, dy=1
Player.ts:194 =========> [determineDirection] Direção anterior: right
Player.ts:336 🔍 🎬 👟 Iniciando movimento de (36,23) para (36,24)
IsometricBoard.tsx:265 Registrando função getTileScreenPosition
App.tsx:1027 Função de obtenção de posição do tile registrada
App.tsx:931 🎮 [GameStart] Estado atual: {pendingSelectedCharacters: null, isLoading: false, error: null, progress: 0, playerPosition: {…}}
App.tsx:940 ⏭️ [GameStart] Sem personagens pendentes, pulando...
App.tsx:1671 🏁 Aplicando centralização inicial...
App.tsx:1683 📍 Centralizando em jogador single player: {x: 36, y: 23}
useCameraControl.ts:82 🔍 Escala detectada: 0.67822265625, Container: 1389x874
useCameraControl.ts:122 🎥 Centralizando câmera no player:
useCameraControl.ts:123   📍 Player: (2696.9359999999997, 1155.1039999999998)
useCameraControl.ts:124   🌍 World Center: (2077.6, 953.8720000000001)
useCameraControl.ts:125   📏 Container: 1389x874
useCameraControl.ts:126   🔍 Scale: 0.67822265625
useCameraControl.ts:127   ➡️ Target Offset: (-420.04770703124984, -136.48010156249984)
useCameraControl.ts:128   📐 Clamped Offset: (-347.25, -136.48010156249984)
useCameraControl.ts:129   🔒 Max Offset: (347.25, 218.1630859375)
App.tsx:1709 ✅ Centralização inicial aplicada
useCameraControl.ts:153 ✅ Centralização da câmera concluída
Player.ts:411 🔍 🎬 👟 Movimento suave completo para tile (36,24). Movimentos restantes: 4
Player.ts:231 Movimento inválido: não pode voltar para a última posição
App.tsx:1096 Verificando movimento de (36,24) para (36,25)
App.tsx:1097 Distância: 1, Movimentos restantes: 4
App.tsx:1125 Movimento válido!
App.tsx:1096 Verificando movimento de (36,24) para (36,25)
App.tsx:1097 Distância: 1, Movimentos restantes: 4
App.tsx:1125 Movimento válido!
Player.ts:191 =========> [determineDirection] Posição atual: (36, 24)
Player.ts:192 =========> [determineDirection] Posição alvo: (36, 25)
Player.ts:193 =========> [determineDirection] Delta: dx=0, dy=1
Player.ts:194 =========> [determineDirection] Direção anterior: down
Player.ts:336 🔍 🎬 👟 Iniciando movimento de (36,24) para (36,25)
IsometricBoard.tsx:265 Registrando função getTileScreenPosition
App.tsx:1027 Função de obtenção de posição do tile registrada
App.tsx:931 🎮 [GameStart] Estado atual: {pendingSelectedCharacters: null, isLoading: false, error: null, progress: 0, playerPosition: {…}}
App.tsx:940 ⏭️ [GameStart] Sem personagens pendentes, pulando...
App.tsx:1671 🏁 Aplicando centralização inicial...
App.tsx:1683 📍 Centralizando em jogador single player: {x: 36, y: 24}
useCameraControl.ts:82 🔍 Escala detectada: 0.67822265625, Container: 1389x874
useCameraControl.ts:122 🎥 Centralizando câmera no player:
useCameraControl.ts:123   📍 Player: (2649.064, 1179.04)
useCameraControl.ts:124   🌍 World Center: (2077.6, 953.8720000000001)
useCameraControl.ts:125   📏 Container: 1389x874
useCameraControl.ts:126   🔍 Scale: 0.67822265625
useCameraControl.ts:127   ➡️ Target Offset: (-387.57983203124996, -152.71403906249992)
useCameraControl.ts:128   📐 Clamped Offset: (-347.25, -152.71403906249992)
useCameraControl.ts:129   🔒 Max Offset: (347.25, 218.1630859375)
App.tsx:1709 ✅ Centralização inicial aplicada
 ✅ Centralização da câmera concluída
 🔍 🎬 👟 Movimento suave completo para tile (36,25). Movimentos restantes: 3
 Movimento inválido: não pode voltar para a última posição
 Verificando movimento de (36,25) para (36,26)
 Distância: 1, Movimentos restantes: 3
App.tsx:1125 Movimento válido!
App.tsx:1096 Verificando movimento de (36,25) para (36,26)
App.tsx:1097 Distância: 1, Movimentos restantes: 3
App.tsx:1125 Movimento válido!
Player.ts:191 =========> [determineDirection] Posição atual: (36, 25)
Player.ts:192 =========> [determineDirection] Posição alvo: (36, 26)
Player.ts:193 =========> [determineDirection] Delta: dx=0, dy=1
Player.ts:194 =========> [determineDirection] Direção anterior: down
Player.ts:336 🔍 🎬 👟 Iniciando movimento de (36,25) para (36,26)
IsometricBoard.tsx:265 Registrando função getTileScreenPosition
App.tsx:1027 Função de obtenção de posição do tile registrada
App.tsx:931 🎮 [GameStart] Estado atual: {pendingSelectedCharacters: null, isLoading: false, error: null, progress: 0, playerPosition: {…}}
App.tsx:940 ⏭️ [GameStart] Sem personagens pendentes, pulando...
App.tsx:1671 🏁 Aplicando centralização inicial...
App.tsx:1683 📍 Centralizando em jogador single player: {x: 36, y: 25}
useCameraControl.ts:82 🔍 Escala detectada: 0.67822265625, Container: 1389x874
useCameraControl.ts:122 🎥 Centralizando câmera no player:
useCameraControl.ts:123   📍 Player: (2601.192, 1202.976)
useCameraControl.ts:124   🌍 World Center: (2077.6, 953.8720000000001)
useCameraControl.ts:125   📏 Container: 1389x874
useCameraControl.ts:126   🔍 Scale: 0.67822265625
useCameraControl.ts:127   ➡️ Target Offset: (-355.1119570312501, -168.94797656250003)
useCameraControl.ts:128   📐 Clamped Offset: (-347.25, -168.94797656250003)
useCameraControl.ts:129   🔒 Max Offset: (347.25, 218.1630859375)
App.tsx:1709 ✅ Centralização inicial aplicada
 ✅ Centralização da câmera concluída
 🔍 🎬 👟 Movimento suave completo para tile (36,26). Movimentos restantes: 2
 Movimento inválido: não pode voltar para a última posição
 Verificando movimento de (36,26) para (36,27)
 Distância: 1, Movimentos restantes: 2
App.tsx:1125 Movimento válido!
App.tsx:1096 Verificando movimento de (36,26) para (36,27)
App.tsx:1097 Distância: 1, Movimentos restantes: 2
App.tsx:1125 Movimento válido!
Player.ts:191 =========> [determineDirection] Posição atual: (36, 26)
Player.ts:192 =========> [determineDirection] Posição alvo: (36, 27)
Player.ts:193 =========> [determineDirection] Delta: dx=0, dy=1
Player.ts:194 =========> [determineDirection] Direção anterior: down
Player.ts:336 🔍 🎬 👟 Iniciando movimento de (36,26) para (36,27)
IsometricBoard.tsx:265 Registrando função getTileScreenPosition
App.tsx:1027 Função de obtenção de posição do tile registrada
App.tsx:931 🎮 [GameStart] Estado atual: {pendingSelectedCharacters: null, isLoading: false, error: null, progress: 0, playerPosition: {…}}
App.tsx:940 ⏭️ [GameStart] Sem personagens pendentes, pulando...
App.tsx:1671 🏁 Aplicando centralização inicial...
App.tsx:1683 📍 Centralizando em jogador single player: {x: 36, y: 26}
useCameraControl.ts:82 🔍 Escala detectada: 0.67822265625, Container: 1389x874
useCameraControl.ts:122 🎥 Centralizando câmera no player:
useCameraControl.ts:123   📍 Player: (2553.3199999999997, 1226.9119999999998)
useCameraControl.ts:124   🌍 World Center: (2077.6, 953.8720000000001)
useCameraControl.ts:125   📏 Container: 1389x874
useCameraControl.ts:126   🔍 Scale: 0.67822265625
useCameraControl.ts:127   ➡️ Target Offset: (-322.64408203124987, -185.18191406249983)
useCameraControl.ts:128   📐 Clamped Offset: (-322.64408203124987, -185.18191406249983)
useCameraControl.ts:129   🔒 Max Offset: (347.25, 218.1630859375)
App.tsx:1709 ✅ Centralização inicial aplicada
useCameraControl.ts:153 ✅ Centralização da câmera concluída
Player.ts:411 🔍 🎬 👟 Movimento suave completo para tile (36,27). Movimentos restantes: 1
Player.ts:231 Movimento inválido: não pode voltar para a última posição
App.tsx:1096 Verificando movimento de (36,27) para (36,28)
App.tsx:1097 Distância: 1, Movimentos restantes: 1
App.tsx:1125 Movimento válido!
App.tsx:1096 Verificando movimento de (36,27) para (36,28)
App.tsx:1097 Distância: 1, Movimentos restantes: 1
App.tsx:1125 Movimento válido!
Player.ts:191 =========> [determineDirection] Posição atual: (36, 27)
Player.ts:192 =========> [determineDirection] Posição alvo: (36, 28)
Player.ts:193 =========> [determineDirection] Delta: dx=0, dy=1
Player.ts:194 =========> [determineDirection] Direção anterior: down
Player.ts:336 🔍 🎬 👟 Iniciando movimento de (36,27) para (36,28)
IsometricBoard.tsx:265 Registrando função getTileScreenPosition
App.tsx:1027 Função de obtenção de posição do tile registrada
App.tsx:931 🎮 [GameStart] Estado atual: {pendingSelectedCharacters: null, isLoading: false, error: null, progress: 0, playerPosition: {…}}
App.tsx:940 ⏭️ [GameStart] Sem personagens pendentes, pulando...
App.tsx:1671 🏁 Aplicando centralização inicial...
App.tsx:1683 📍 Centralizando em jogador single player: {x: 36, y: 27}
useCameraControl.ts:82 🔍 Escala detectada: 0.67822265625, Container: 1389x874
useCameraControl.ts:122 🎥 Centralizando câmera no player:
useCameraControl.ts:123   📍 Player: (2505.448, 1250.848)
useCameraControl.ts:124   🌍 World Center: (2077.6, 953.8720000000001)
useCameraControl.ts:125   📏 Container: 1389x874
useCameraControl.ts:126   🔍 Scale: 0.67822265625
useCameraControl.ts:127   ➡️ Target Offset: (-290.17620703125, -201.4158515624999)
useCameraControl.ts:128   📐 Clamped Offset: (-290.17620703125, -201.4158515624999)
useCameraControl.ts:129   🔒 Max Offset: (347.25, 218.1630859375)
App.tsx:1709 ✅ Centralização inicial aplicada
 ✅ Centralização da câmera concluída
 🔍 🎬 👟 Movimento suave completo para tile (36,28). Movimentos restantes: 0
 [FSM] Aguardando final da animação do Player (caminhada) --CAMINHADA_ANIMACAO_FIM--> Aguardando confirmação para próxima notícia
 [FSM] Aguardando final da animação do Player (caminhada) --CAMINHADA_ANIMACAO_FIM--> Aguardando confirmação para próxima notícia
 Registrando função getTileScreenPosition
 Função de obtenção de posição do tile registrada
 🎮 [GameStart] Estado atual: {pendingSelectedCharacters: null, isLoading: false, error: null, progress: 0, playerPosition: {…}}
 ⏭️ [GameStart] Sem personagens pendentes, pulando...
 🏁 Aplicando centralização inicial...
 📍 Centralizando em jogador single player: {x: 36, y: 28}
 🔍 Escala detectada: 0.67822265625, Container: 1389x874
 🎥 Centralizando câmera no player:
useCameraControl.ts:123   📍 Player: (2457.576, 1274.784)
useCameraControl.ts:124   🌍 World Center: (2077.6, 953.8720000000001)
useCameraControl.ts:125   📏 Container: 1389x874
useCameraControl.ts:126   🔍 Scale: 0.67822265625
useCameraControl.ts:127   ➡️ Target Offset: (-257.70833203125005, -217.64978906250002)
useCameraControl.ts:128   📐 Clamped Offset: (-257.70833203125005, -217.64978906250002)
useCameraControl.ts:129   🔒 Max Offset: (347.25, 218.1630859375)
App.tsx:1709 ✅ Centralização inicial aplicada
App.tsx:2466 [FSM] Entrou em AguardandoProximaNoticia, aguardando botão para seguir
IsometricBoard.tsx:265 Registrando função getTileScreenPosition
App.tsx:1027 Função de obtenção de posição do tile registrada
App.tsx:931 🎮 [GameStart] Estado atual: {pendingSelectedCharacters: null, isLoading: false, error: null, progress: 0, playerPosition: {…}}
App.tsx:940 ⏭️ [GameStart] Sem personagens pendentes, pulando...
App.tsx:1671 🏁 Aplicando centralização inicial...
App.tsx:1683 📍 Centralizando em jogador single player: {x: 36, y: 28}
useCameraControl.ts:82 🔍 Escala detectada: 0.67822265625, Container: 1389x874
useCameraControl.ts:122 🎥 Centralizando câmera no player:
useCameraControl.ts:123   📍 Player: (2457.576, 1274.784)
useCameraControl.ts:124   🌍 World Center: (2077.6, 953.8720000000001)
useCameraControl.ts:125   📏 Container: 1389x874
useCameraControl.ts:126   🔍 Scale: 0.67822265625
useCameraControl.ts:127   ➡️ Target Offset: (-257.70833203125005, -217.64978906250002)
useCameraControl.ts:128   📐 Clamped Offset: (-257.70833203125005, -217.64978906250002)
useCameraControl.ts:129   🔒 Max Offset: (347.25, 218.1630859375)
App.tsx:1709 ✅ Centralização inicial aplicada
useCameraControl.ts:153 ✅ Centralização da câmera concluída
useCameraControl.ts:153 ✅ Centralização da câmera concluída
useCameraControl.ts:153 ✅ Centralização da câmera concluída
useCameraControl.ts:153 ✅ Centralização da câmera concluída
useCameraControl.ts:153 ✅ Centralização da câmera concluída
useCameraControl.ts:153 ✅ Centralização da câmera concluída
useCameraControl.ts:153 ✅ Centralização da câmera concluída
useCameraControl.ts:153 ✅ Centralização da câmera concluída
useCameraControl.ts:153 ✅ Centralização da câmera concluída
useCameraControl.ts:153 ✅ Centralização da câmera concluída
App.tsx:178 [FSM] Aguardando confirmação para próxima notícia --PROXIMA_NOTICIA--> Aguardando 1 segundo para a notícia
App.tsx:178 [FSM] Aguardando confirmação para próxima notícia --PROXIMA_NOTICIA--> Aguardando 1 segundo para a notícia
IsometricBoard.tsx:265 Registrando função getTileScreenPosition
App.tsx:1027 Função de obtenção de posição do tile registrada
App.tsx:2451 [FSM] Entrou em AguardandoNoticia1, aguardando 1s para mostrar notícia
App.tsx:586 IDs no histórico: (2) [337, 313]
App.tsx:590 Notícias disponíveis (fora do histórico): 132
App.tsx:611 [HitsTracker] 📰 Notícia adicionada ao histórico. newsHistory.length: 2 → 3
App.tsx:611 [HitsTracker] 📰 Notícia adicionada ao histórico. newsHistory.length: 2 → 3
App.tsx:442 [HitsTracker] 🔄 Sincronizado newsHistoryLengthRef.current = 3
App.tsx:2451 [FSM] Entrou em AguardandoNoticia1, aguardando 1s para mostrar notícia
App.tsx:178 [FSM] Aguardando 1 segundo para a notícia --NEWS_TIMEOUT--> Aguardando avaliação de notícia
App.tsx:178 [FSM] Aguardando 1 segundo para a notícia --NEWS_TIMEOUT--> Aguardando avaliação de notícia
IsometricBoard.tsx:265 Registrando função getTileScreenPosition
App.tsx:1027 Função de obtenção de posição do tile registrada
App.tsx:2461 [FSM] Entrou em AvaliacaoNoticia, habilitando avaliação
App.tsx:478 Narrando texto: Parabêhiins!!!!!!!!!. Role o dado!
speechService.ts:163 🔍 [SpeechService] 🔍 Voz selecionada: Fernanda (Aprimorada)
speechService.ts:164 🔍 [SpeechService] 🔍 Texto a ser narrado: Parabêhiins!!!!!!!!!. Role o dado!
speechService.ts:165 🔍 [SpeechService] 🔍 Pitch: 1.2000000476837158
speechService.ts:166 🔍 [SpeechService] 🔍 Rate: 1.5
speechService.ts:167 🔍 [SpeechService] 🔍 Volume: 1
speechService.ts:168 🔍 [SpeechService] 🔍 Lang: pt-BR
speechService.ts:169 🔍 [SpeechService] 🔍 vozes: (202) [SpeechSynthesisVoice, SpeechSynthesisVoice, SpeechSynthesisVoice, SpeechSynthesisVoice, SpeechSynthesisVoice, SpeechSynthesisVoice, SpeechSynthesisVoice, SpeechSynthesisVoice, SpeechSynthesisVoice, SpeechSynthesisVoice, SpeechSynthesisVoice, SpeechSynthesisVoice, SpeechSynthesisVoice, SpeechSynthesisVoice, SpeechSynthesisVoice, SpeechSynthesisVoice, SpeechSynthesisVoice, SpeechSynthesisVoice, SpeechSynthesisVoice, SpeechSynthesisVoice, SpeechSynthesisVoice, SpeechSynthesisVoice, SpeechSynthesisVoice, SpeechSynthesisVoice, SpeechSynthesisVoice, SpeechSynthesisVoice, SpeechSynthesisVoice, SpeechSynthesisVoice, SpeechSynthesisVoice, SpeechSynthesisVoice, SpeechSynthesisVoice, SpeechSynthesisVoice, SpeechSynthesisVoice, SpeechSynthesisVoice, SpeechSynthesisVoice, SpeechSynthesisVoice, SpeechSynthesisVoice, SpeechSynthesisVoice, SpeechSynthesisVoice, SpeechSynthesisVoice, SpeechSynthesisVoice, SpeechSynthesisVoice, SpeechSynthesisVoice, SpeechSynthesisVoice, SpeechSynthesisVoice, SpeechSynthesisVoice, SpeechSynthesisVoice, SpeechSynthesisVoice, SpeechSynthesisVoice, SpeechSynthesisVoice, SpeechSynthesisVoice, SpeechSynthesisVoice, SpeechSynthesisVoice, SpeechSynthesisVoice, SpeechSynthesisVoice, SpeechSynthesisVoice, SpeechSynthesisVoice, SpeechSynthesisVoice, SpeechSynthesisVoice, SpeechSynthesisVoice, SpeechSynthesisVoice, SpeechSynthesisVoice, SpeechSynthesisVoice, SpeechSynthesisVoice, SpeechSynthesisVoice, SpeechSynthesisVoice, SpeechSynthesisVoice, SpeechSynthesisVoice, SpeechSynthesisVoice, SpeechSynthesisVoice, SpeechSynthesisVoice, SpeechSynthesisVoice, SpeechSynthesisVoice, SpeechSynthesisVoice, SpeechSynthesisVoice, SpeechSynthesisVoice, SpeechSynthesisVoice, SpeechSynthesisVoice, SpeechSynthesisVoice, SpeechSynthesisVoice, SpeechSynthesisVoice, SpeechSynthesisVoice, SpeechSynthesisVoice, SpeechSynthesisVoice, SpeechSynthesisVoice, SpeechSynthesisVoice, SpeechSynthesisVoice, SpeechSynthesisVoice, SpeechSynthesisVoice, SpeechSynthesisVoice, SpeechSynthesisVoice, SpeechSynthesisVoice, SpeechSynthesisVoice, SpeechSynthesisVoice, SpeechSynthesisVoice, SpeechSynthesisVoice, SpeechSynthesisVoice, SpeechSynthesisVoice, SpeechSynthesisVoice, SpeechSynthesisVoice, …]
App.tsx:1821 [HitsTracker] ✅ Acerto registrado! hits: 2 → 3, newsHistory.length: 3
App.tsx:1821 [HitsTracker] ✅ Acerto registrado! hits: 2 → 3, newsHistory.length: 3
App.tsx:178 [FSM] Aguardando avaliação de notícia --AVALIACAO_CORRETA--> Aguardando lançamento do dado
App.tsx:178 [FSM] Aguardando avaliação de notícia --AVALIACAO_CORRETA--> Aguardando lançamento do dado
IsometricBoard.tsx:265 Registrando função getTileScreenPosition
App.tsx:1027 Função de obtenção de posição do tile registrada
App.tsx:437 [HitsTracker] 🔄 Sincronizado hitsRef.current = 3
App.tsx:2485 [FSM] Entrou em LancamentoDado, habilitando dado
App.tsx:178 [FSM] Aguardando lançamento do dado --DADO_CLICADO--> Aguardando final da animação do Dado
App.tsx:178 [FSM] Aguardando lançamento do dado --DADO_CLICADO--> Aguardando final da animação do Dado
IsometricBoard.tsx:265 Registrando função getTileScreenPosition
App.tsx:1027 Função de obtenção de posição do tile registrada
App.tsx:2489 [FSM] Entrou em AnimacaoDado, aguardando término da animação do dado
App.tsx:1922 🎲 Dado rolado: 1, Movimentos acelerados: 4 (1 × 4)
App.tsx:178 [FSM] Aguardando final da animação do Dado --DADO_ANIMACAO_FIM--> Aguardando 1 segundo para caminhada
App.tsx:178 [FSM] Aguardando final da animação do Dado --DADO_ANIMACAO_FIM--> Aguardando 1 segundo para caminhada
IsometricBoard.tsx:265 Registrando função getTileScreenPosition
App.tsx:1027 Função de obtenção de posição do tile registrada
App.tsx:2493 [FSM] Entrou em AguardandoCaminhada, aguardando 1s para iniciar caminhada
App.tsx:178 [FSM] Aguardando 1 segundo para caminhada --CAMINHADA_TIMEOUT--> Aguardando final da animação do Player (caminhada)
App.tsx:178 [FSM] Aguardando 1 segundo para caminhada --CAMINHADA_TIMEOUT--> Aguardando final da animação do Player (caminhada)
IsometricBoard.tsx:265 Registrando função getTileScreenPosition
App.tsx:1027 Função de obtenção de posição do tile registrada
App.tsx:2497 [FSM] Entrou em AnimacaoCaminhada, aguardando final da caminhada
Player.ts:231 Movimento inválido: não pode voltar para a última posição
App.tsx:1096 Verificando movimento de (36,28) para (36,29)
App.tsx:1097 Distância: 1, Movimentos restantes: 4
App.tsx:1125 Movimento válido!
App.tsx:1096 Verificando movimento de (36,28) para (36,29)
App.tsx:1097 Distância: 1, Movimentos restantes: 4
App.tsx:1125 Movimento válido!
Player.ts:191 =========> [determineDirection] Posição atual: (36, 28)
Player.ts:192 =========> [determineDirection] Posição alvo: (36, 29)
Player.ts:193 =========> [determineDirection] Delta: dx=0, dy=1
Player.ts:194 =========> [determineDirection] Direção anterior: down
Player.ts:336 🔍 🎬 👟 Iniciando movimento de (36,28) para (36,29)
 🔍 🎬 👟 Movimento suave completo para tile (36,29). Movimentos restantes: 3
 Movimento inválido: não pode voltar para a última posição
 Verificando movimento de (36,29) para (36,30)
 Distância: 1, Movimentos restantes: 3
App.tsx:1125 Movimento válido!
App.tsx:1096 Verificando movimento de (36,29) para (36,30)
App.tsx:1097 Distância: 1, Movimentos restantes: 3
App.tsx:1125 Movimento válido!
Player.ts:191 =========> [determineDirection] Posição atual: (36, 29)
Player.ts:192 =========> [determineDirection] Posição alvo: (36, 30)
Player.ts:193 =========> [determineDirection] Delta: dx=0, dy=1
Player.ts:194 =========> [determineDirection] Direção anterior: down
Player.ts:336 🔍 🎬 👟 Iniciando movimento de (36,29) para (36,30)
IsometricBoard.tsx:265 Registrando função getTileScreenPosition
App.tsx:1027 Função de obtenção de posição do tile registrada
App.tsx:931 🎮 [GameStart] Estado atual: {pendingSelectedCharacters: null, isLoading: false, error: null, progress: 0, playerPosition: {…}}
App.tsx:940 ⏭️ [GameStart] Sem personagens pendentes, pulando...
App.tsx:1671 🏁 Aplicando centralização inicial...
App.tsx:1683 📍 Centralizando em jogador single player: {x: 36, y: 29}
useCameraControl.ts:82 🔍 Escala detectada: 0.67822265625, Container: 1389x874
useCameraControl.ts:122 🎥 Centralizando câmera no player:
useCameraControl.ts:123   📍 Player: (2409.7039999999997, 1298.7199999999998)
useCameraControl.ts:124   🌍 World Center: (2077.6, 953.8720000000001)
useCameraControl.ts:125   📏 Container: 1389x874
useCameraControl.ts:126   🔍 Scale: 0.67822265625
useCameraControl.ts:127   ➡️ Target Offset: (-225.24045703124986, -233.88372656249982)
useCameraControl.ts:128   📐 Clamped Offset: (-225.24045703124986, -218.1630859375)
useCameraControl.ts:129   🔒 Max Offset: (347.25, 218.1630859375)
App.tsx:1709 ✅ Centralização inicial aplicada
 🔍 🎬 👟 Movimento suave completo para tile (36,30). Movimentos restantes: 2
 Movimento inválido: não pode voltar para a última posição
 Verificando movimento de (36,30) para (36,31)
 Distância: 1, Movimentos restantes: 2
App.tsx:1125 Movimento válido!
App.tsx:1096 Verificando movimento de (36,30) para (36,31)
App.tsx:1097 Distância: 1, Movimentos restantes: 2
App.tsx:1125 Movimento válido!
Player.ts:191 =========> [determineDirection] Posição atual: (36, 30)
Player.ts:192 =========> [determineDirection] Posição alvo: (36, 31)
Player.ts:193 =========> [determineDirection] Delta: dx=0, dy=1
Player.ts:194 =========> [determineDirection] Direção anterior: down
Player.ts:336 🔍 🎬 👟 Iniciando movimento de (36,30) para (36,31)
IsometricBoard.tsx:265 Registrando função getTileScreenPosition
App.tsx:1027 Função de obtenção de posição do tile registrada
App.tsx:931 🎮 [GameStart] Estado atual: {pendingSelectedCharacters: null, isLoading: false, error: null, progress: 0, playerPosition: {…}}
App.tsx:940 ⏭️ [GameStart] Sem personagens pendentes, pulando...
App.tsx:1671 🏁 Aplicando centralização inicial...
App.tsx:1683 📍 Centralizando em jogador single player: {x: 36, y: 30}
useCameraControl.ts:82 🔍 Escala detectada: 0.67822265625, Container: 1389x874
useCameraControl.ts:122 🎥 Centralizando câmera no player:
useCameraControl.ts:123   📍 Player: (2361.832, 1322.656)
useCameraControl.ts:124   🌍 World Center: (2077.6, 953.8720000000001)
useCameraControl.ts:125   📏 Container: 1389x874
useCameraControl.ts:126   🔍 Scale: 0.67822265625
useCameraControl.ts:127   ➡️ Target Offset: (-192.77258203124998, -250.11766406249993)
useCameraControl.ts:128   📐 Clamped Offset: (-192.77258203124998, -218.1630859375)
useCameraControl.ts:129   🔒 Max Offset: (347.25, 218.1630859375)
App.tsx:1709 ✅ Centralização inicial aplicada
Player.ts:411 🔍 🎬 👟 Movimento suave completo para tile (36,31). Movimentos restantes: 1
Player.ts:231 Movimento inválido: não pode voltar para a última posição
App.tsx:1096 Verificando movimento de (36,31) para (36,32)
App.tsx:1097 Distância: 1, Movimentos restantes: 1
App.tsx:1125 Movimento válido!
App.tsx:1096 Verificando movimento de (36,31) para (36,32)
App.tsx:1097 Distância: 1, Movimentos restantes: 1
App.tsx:1125 Movimento válido!
Player.ts:191 =========> [determineDirection] Posição atual: (36, 31)
Player.ts:192 =========> [determineDirection] Posição alvo: (36, 32)
Player.ts:193 =========> [determineDirection] Delta: dx=0, dy=1
Player.ts:194 =========> [determineDirection] Direção anterior: down
Player.ts:336 🔍 🎬 👟 Iniciando movimento de (36,31) para (36,32)
IsometricBoard.tsx:265 Registrando função getTileScreenPosition
App.tsx:1027 Função de obtenção de posição do tile registrada
App.tsx:931 🎮 [GameStart] Estado atual: {pendingSelectedCharacters: null, isLoading: false, error: null, progress: 0, playerPosition: {…}}
App.tsx:940 ⏭️ [GameStart] Sem personagens pendentes, pulando...
App.tsx:1671 🏁 Aplicando centralização inicial...
App.tsx:1683 📍 Centralizando em jogador single player: {x: 36, y: 31}
useCameraControl.ts:82 🔍 Escala detectada: 0.67822265625, Container: 1389x874
useCameraControl.ts:122 🎥 Centralizando câmera no player:
useCameraControl.ts:123   📍 Player: (2313.96, 1346.592)
useCameraControl.ts:124   🌍 World Center: (2077.6, 953.8720000000001)
useCameraControl.ts:125   📏 Container: 1389x874
useCameraControl.ts:126   🔍 Scale: 0.67822265625
useCameraControl.ts:127   ➡️ Target Offset: (-160.30470703125008, -266.35160156250004)
useCameraControl.ts:128   📐 Clamped Offset: (-160.30470703125008, -218.1630859375)
useCameraControl.ts:129   🔒 Max Offset: (347.25, 218.1630859375)
App.tsx:1709 ✅ Centralização inicial aplicada
 🔍 🎬 👟 Movimento suave completo para tile (36,32). Movimentos restantes: 0
 [FSM] Aguardando final da animação do Player (caminhada) --CAMINHADA_ANIMACAO_FIM--> Aguardando confirmação para próxima notícia
 [FSM] Aguardando final da animação do Player (caminhada) --CAMINHADA_ANIMACAO_FIM--> Aguardando confirmação para próxima notícia
 Registrando função getTileScreenPosition
 Função de obtenção de posição do tile registrada
 🎮 [GameStart] Estado atual: {pendingSelectedCharacters: null, isLoading: false, error: null, progress: 0, playerPosition: {…}}
 ⏭️ [GameStart] Sem personagens pendentes, pulando...
 🏁 Aplicando centralização inicial...
 📍 Centralizando em jogador single player: {x: 36, y: 32}
 🔍 Escala detectada: 0.67822265625, Container: 1389x874
 🎥 Centralizando câmera no player:
useCameraControl.ts:123   📍 Player: (2266.0879999999997, 1370.5279999999998)
useCameraControl.ts:124   🌍 World Center: (2077.6, 953.8720000000001)
useCameraControl.ts:125   📏 Container: 1389x874
useCameraControl.ts:126   🔍 Scale: 0.67822265625
useCameraControl.ts:127   ➡️ Target Offset: (-127.83683203124988, -282.58553906249983)
useCameraControl.ts:128   📐 Clamped Offset: (-127.83683203124988, -218.1630859375)
useCameraControl.ts:129   🔒 Max Offset: (347.25, 218.1630859375)
App.tsx:1709 ✅ Centralização inicial aplicada
App.tsx:2466 [FSM] Entrou em AguardandoProximaNoticia, aguardando botão para seguir
IsometricBoard.tsx:265 Registrando função getTileScreenPosition
App.tsx:1027 Função de obtenção de posição do tile registrada
App.tsx:931 🎮 [GameStart] Estado atual: {pendingSelectedCharacters: null, isLoading: false, error: null, progress: 0, playerPosition: {…}}
App.tsx:940 ⏭️ [GameStart] Sem personagens pendentes, pulando...
App.tsx:1671 🏁 Aplicando centralização inicial...
App.tsx:1683 📍 Centralizando em jogador single player: {x: 36, y: 32}
useCameraControl.ts:82 🔍 Escala detectada: 0.67822265625, Container: 1389x874
useCameraControl.ts:122 🎥 Centralizando câmera no player:
useCameraControl.ts:123   📍 Player: (2266.0879999999997, 1370.5279999999998)
useCameraControl.ts:124   🌍 World Center: (2077.6, 953.8720000000001)
useCameraControl.ts:125   📏 Container: 1389x874
useCameraControl.ts:126   🔍 Scale: 0.67822265625
useCameraControl.ts:127   ➡️ Target Offset: (-127.83683203124988, -282.58553906249983)
useCameraControl.ts:128   📐 Clamped Offset: (-127.83683203124988, -218.1630859375)
useCameraControl.ts:129   🔒 Max Offset: (347.25, 218.1630859375)
App.tsx:1709 ✅ Centralização inicial aplicada
App.tsx:1828 🎉 [TiabelAnimation] Animação da tiabel concluída!
useCameraControl.ts:153 ✅ Centralização da câmera concluída
useCameraControl.ts:153 ✅ Centralização da câmera concluída
useCameraControl.ts:153 ✅ Centralização da câmera concluída
useCameraControl.ts:153 ✅ Centralização da câmera concluída
useCameraControl.ts:153 ✅ Centralização da câmera concluída
App.tsx:178 [FSM] Aguardando confirmação para próxima notícia --PROXIMA_NOTICIA--> Aguardando 1 segundo para a notícia
App.tsx:178 [FSM] Aguardando confirmação para próxima notícia --PROXIMA_NOTICIA--> Aguardando 1 segundo para a notícia
IsometricBoard.tsx:265 Registrando função getTileScreenPosition
App.tsx:1027 Função de obtenção de posição do tile registrada
App.tsx:2451 [FSM] Entrou em AguardandoNoticia1, aguardando 1s para mostrar notícia
App.tsx:586 IDs no histórico: (3) [309, 337, 313]
App.tsx:590 Notícias disponíveis (fora do histórico): 131
App.tsx:611 [HitsTracker] 📰 Notícia adicionada ao histórico. newsHistory.length: 3 → 4
App.tsx:611 [HitsTracker] 📰 Notícia adicionada ao histórico. newsHistory.length: 3 → 4
App.tsx:442 [HitsTracker] 🔄 Sincronizado newsHistoryLengthRef.current = 4
App.tsx:2451 [FSM] Entrou em AguardandoNoticia1, aguardando 1s para mostrar notícia
App.tsx:178 [FSM] Aguardando 1 segundo para a notícia --NEWS_TIMEOUT--> Aguardando avaliação de notícia
App.tsx:178 [FSM] Aguardando 1 segundo para a notícia --NEWS_TIMEOUT--> Aguardando avaliação de notícia
IsometricBoard.tsx:265 Registrando função getTileScreenPosition
App.tsx:1027 Função de obtenção de posição do tile registrada
App.tsx:2461 [FSM] Entrou em AvaliacaoNoticia, habilitando avaliação
App.tsx:919 🐵 Macacos atualizados após 24 segundos
App.tsx:478 Narrando texto: Parabêhiins!!!!!!!!!. Role o dado!
speechService.ts:163 🔍 [SpeechService] 🔍 Voz selecionada: Fernanda (Aprimorada)
speechService.ts:164 🔍 [SpeechService] 🔍 Texto a ser narrado: Parabêhiins!!!!!!!!!. Role o dado!
speechService.ts:165 🔍 [SpeechService] 🔍 Pitch: 1.2000000476837158
speechService.ts:166 🔍 [SpeechService] 🔍 Rate: 1.5
speechService.ts:167 🔍 [SpeechService] 🔍 Volume: 1
speechService.ts:168 🔍 [SpeechService] 🔍 Lang: pt-BR
speechService.ts:169 🔍 [SpeechService] 🔍 vozes: (202) [SpeechSynthesisVoice, SpeechSynthesisVoice, SpeechSynthesisVoice, SpeechSynthesisVoice, SpeechSynthesisVoice, SpeechSynthesisVoice, SpeechSynthesisVoice, SpeechSynthesisVoice, SpeechSynthesisVoice, SpeechSynthesisVoice, SpeechSynthesisVoice, SpeechSynthesisVoice, SpeechSynthesisVoice, SpeechSynthesisVoice, SpeechSynthesisVoice, SpeechSynthesisVoice, SpeechSynthesisVoice, SpeechSynthesisVoice, SpeechSynthesisVoice, SpeechSynthesisVoice, SpeechSynthesisVoice, SpeechSynthesisVoice, SpeechSynthesisVoice, SpeechSynthesisVoice, SpeechSynthesisVoice, SpeechSynthesisVoice, SpeechSynthesisVoice, SpeechSynthesisVoice, SpeechSynthesisVoice, SpeechSynthesisVoice, SpeechSynthesisVoice, SpeechSynthesisVoice, SpeechSynthesisVoice, SpeechSynthesisVoice, SpeechSynthesisVoice, SpeechSynthesisVoice, SpeechSynthesisVoice, SpeechSynthesisVoice, SpeechSynthesisVoice, SpeechSynthesisVoice, SpeechSynthesisVoice, SpeechSynthesisVoice, SpeechSynthesisVoice, SpeechSynthesisVoice, SpeechSynthesisVoice, SpeechSynthesisVoice, SpeechSynthesisVoice, SpeechSynthesisVoice, SpeechSynthesisVoice, SpeechSynthesisVoice, SpeechSynthesisVoice, SpeechSynthesisVoice, SpeechSynthesisVoice, SpeechSynthesisVoice, SpeechSynthesisVoice, SpeechSynthesisVoice, SpeechSynthesisVoice, SpeechSynthesisVoice, SpeechSynthesisVoice, SpeechSynthesisVoice, SpeechSynthesisVoice, SpeechSynthesisVoice, SpeechSynthesisVoice, SpeechSynthesisVoice, SpeechSynthesisVoice, SpeechSynthesisVoice, SpeechSynthesisVoice, SpeechSynthesisVoice, SpeechSynthesisVoice, SpeechSynthesisVoice, SpeechSynthesisVoice, SpeechSynthesisVoice, SpeechSynthesisVoice, SpeechSynthesisVoice, SpeechSynthesisVoice, SpeechSynthesisVoice, SpeechSynthesisVoice, SpeechSynthesisVoice, SpeechSynthesisVoice, SpeechSynthesisVoice, SpeechSynthesisVoice, SpeechSynthesisVoice, SpeechSynthesisVoice, SpeechSynthesisVoice, SpeechSynthesisVoice, SpeechSynthesisVoice, SpeechSynthesisVoice, SpeechSynthesisVoice, SpeechSynthesisVoice, SpeechSynthesisVoice, SpeechSynthesisVoice, SpeechSynthesisVoice, SpeechSynthesisVoice, SpeechSynthesisVoice, SpeechSynthesisVoice, SpeechSynthesisVoice, SpeechSynthesisVoice, SpeechSynthesisVoice, SpeechSynthesisVoice, SpeechSynthesisVoice, …]
App.tsx:1821 [HitsTracker] ✅ Acerto registrado! hits: 3 → 4, newsHistory.length: 4
App.tsx:1821 [HitsTracker] ✅ Acerto registrado! hits: 3 → 4, newsHistory.length: 4
App.tsx:178 [FSM] Aguardando avaliação de notícia --AVALIACAO_CORRETA--> Aguardando lançamento do dado
App.tsx:178 [FSM] Aguardando avaliação de notícia --AVALIACAO_CORRETA--> Aguardando lançamento do dado
IsometricBoard.tsx:265 Registrando função getTileScreenPosition
App.tsx:1027 Função de obtenção de posição do tile registrada
App.tsx:437 [HitsTracker] 🔄 Sincronizado hitsRef.current = 4
App.tsx:2485 [FSM] Entrou em LancamentoDado, habilitando dado
App.tsx:178 [FSM] Aguardando lançamento do dado --DADO_CLICADO--> Aguardando final da animação do Dado
App.tsx:178 [FSM] Aguardando lançamento do dado --DADO_CLICADO--> Aguardando final da animação do Dado
IsometricBoard.tsx:265 Registrando função getTileScreenPosition
App.tsx:1027 Função de obtenção de posição do tile registrada
App.tsx:2489 [FSM] Entrou em AnimacaoDado, aguardando término da animação do dado
App.tsx:1922 🎲 Dado rolado: 4, Movimentos acelerados: 16 (4 × 4)
App.tsx:178 [FSM] Aguardando final da animação do Dado --DADO_ANIMACAO_FIM--> Aguardando 1 segundo para caminhada
App.tsx:178 [FSM] Aguardando final da animação do Dado --DADO_ANIMACAO_FIM--> Aguardando 1 segundo para caminhada
IsometricBoard.tsx:265 Registrando função getTileScreenPosition
App.tsx:1027 Função de obtenção de posição do tile registrada
App.tsx:2493 [FSM] Entrou em AguardandoCaminhada, aguardando 1s para iniciar caminhada
App.tsx:178 [FSM] Aguardando 1 segundo para caminhada --CAMINHADA_TIMEOUT--> Aguardando final da animação do Player (caminhada)
App.tsx:178 [FSM] Aguardando 1 segundo para caminhada --CAMINHADA_TIMEOUT--> Aguardando final da animação do Player (caminhada)
IsometricBoard.tsx:265 Registrando função getTileScreenPosition
App.tsx:1027 Função de obtenção de posição do tile registrada
App.tsx:2497 [FSM] Entrou em AnimacaoCaminhada, aguardando final da caminhada
Player.ts:231 Movimento inválido: não pode voltar para a última posição
App.tsx:1096 Verificando movimento de (36,32) para (36,33)
App.tsx:1097 Distância: 1, Movimentos restantes: 16
App.tsx:1125 Movimento válido!
App.tsx:1096 Verificando movimento de (36,32) para (36,33)
App.tsx:1097 Distância: 1, Movimentos restantes: 16
App.tsx:1125 Movimento válido!
Player.ts:191 =========> [determineDirection] Posição atual: (36, 32)
Player.ts:192 =========> [determineDirection] Posição alvo: (36, 33)
Player.ts:193 =========> [determineDirection] Delta: dx=0, dy=1
Player.ts:194 =========> [determineDirection] Direção anterior: down
Player.ts:336 🔍 🎬 👟 Iniciando movimento de (36,32) para (36,33)
Player.ts:411 🔍 🎬 👟 Movimento suave completo para tile (36,33). Movimentos restantes: 15
Player.ts:231 Movimento inválido: não pode voltar para a última posição
App.tsx:1096 Verificando movimento de (36,33) para (36,34)
App.tsx:1097 Distância: 1, Movimentos restantes: 15
App.tsx:1125 Movimento válido!
App.tsx:1096 Verificando movimento de (36,33) para (36,34)
App.tsx:1097 Distância: 1, Movimentos restantes: 15
App.tsx:1125 Movimento válido!
Player.ts:191 =========> [determineDirection] Posição atual: (36, 33)
Player.ts:192 =========> [determineDirection] Posição alvo: (36, 34)
Player.ts:193 =========> [determineDirection] Delta: dx=0, dy=1
Player.ts:194 =========> [determineDirection] Direção anterior: down
Player.ts:336 🔍 🎬 👟 Iniciando movimento de (36,33) para (36,34)
IsometricBoard.tsx:265 Registrando função getTileScreenPosition
App.tsx:1027 Função de obtenção de posição do tile registrada
App.tsx:931 🎮 [GameStart] Estado atual: {pendingSelectedCharacters: null, isLoading: false, error: null, progress: 0, playerPosition: {…}}
App.tsx:940 ⏭️ [GameStart] Sem personagens pendentes, pulando...
App.tsx:1671 🏁 Aplicando centralização inicial...
App.tsx:1683 📍 Centralizando em jogador single player: {x: 36, y: 33}
useCameraControl.ts:82 🔍 Escala detectada: 0.67822265625, Container: 1389x874
useCameraControl.ts:122 🎥 Centralizando câmera no player:
useCameraControl.ts:123   📍 Player: (2218.216, 1394.464)
useCameraControl.ts:124   🌍 World Center: (2077.6, 953.8720000000001)
useCameraControl.ts:125   📏 Container: 1389x874
useCameraControl.ts:126   🔍 Scale: 0.67822265625
useCameraControl.ts:127   ➡️ Target Offset: (-95.36895703124999, -298.8194765624999)
useCameraControl.ts:128   📐 Clamped Offset: (-95.36895703124999, -218.1630859375)
useCameraControl.ts:129   🔒 Max Offset: (347.25, 218.1630859375)
App.tsx:1709 ✅ Centralização inicial aplicada
 🔍 🎬 👟 Movimento suave completo para tile (36,34). Movimentos restantes: 14
 Movimento inválido: não pode voltar para a última posição
 Verificando movimento de (36,34) para (36,35)
 Distância: 1, Movimentos restantes: 14
 Movimento válido!
 Verificando movimento de (36,34) para (36,35)
 Distância: 1, Movimentos restantes: 14
 Movimento válido!
 =========> [determineDirection] Posição atual: (36, 34)
 =========> [determineDirection] Posição alvo: (36, 35)
 =========> [determineDirection] Delta: dx=0, dy=1
 =========> [determineDirection] Direção anterior: down
 🔍 🎬 👟 Iniciando movimento de (36,34) para (36,35)
 Registrando função getTileScreenPosition
 Função de obtenção de posição do tile registrada
 🎮 [GameStart] Estado atual: {pendingSelectedCharacters: null, isLoading: false, error: null, progress: 0, playerPosition: {…}}
 ⏭️ [GameStart] Sem personagens pendentes, pulando...
App.tsx:1671 🏁 Aplicando centralização inicial...
App.tsx:1683 📍 Centralizando em jogador single player: {x: 36, y: 34}
useCameraControl.ts:82 🔍 Escala detectada: 0.67822265625, Container: 1389x874
useCameraControl.ts:122 🎥 Centralizando câmera no player:
useCameraControl.ts:123   📍 Player: (2170.344, 1418.4)
useCameraControl.ts:124   🌍 World Center: (2077.6, 953.8720000000001)
useCameraControl.ts:125   📏 Container: 1389x874
useCameraControl.ts:126   🔍 Scale: 0.67822265625
useCameraControl.ts:127   ➡️ Target Offset: (-62.9010820312501, -315.0534140625)
useCameraControl.ts:128   📐 Clamped Offset: (-62.9010820312501, -218.1630859375)
useCameraControl.ts:129   🔒 Max Offset: (347.25, 218.1630859375)
App.tsx:1709 ✅ Centralização inicial aplicada
Player.ts:411 🔍 🎬 👟 Movimento suave completo para tile (36,35). Movimentos restantes: 13
Player.ts:231 Movimento inválido: não pode voltar para a última posição
App.tsx:1096 Verificando movimento de (36,35) para (36,36)
App.tsx:1097 Distância: 1, Movimentos restantes: 13
App.tsx:1125 Movimento válido!
App.tsx:1096 Verificando movimento de (36,35) para (36,36)
App.tsx:1097 Distância: 1, Movimentos restantes: 13
App.tsx:1125 Movimento válido!
Player.ts:191 =========> [determineDirection] Posição atual: (36, 35)
Player.ts:192 =========> [determineDirection] Posição alvo: (36, 36)
Player.ts:193 =========> [determineDirection] Delta: dx=0, dy=1
Player.ts:194 =========> [determineDirection] Direção anterior: down
Player.ts:336 🔍 🎬 👟 Iniciando movimento de (36,35) para (36,36)
IsometricBoard.tsx:265 Registrando função getTileScreenPosition
App.tsx:1027 Função de obtenção de posição do tile registrada
App.tsx:931 🎮 [GameStart] Estado atual: {pendingSelectedCharacters: null, isLoading: false, error: null, progress: 0, playerPosition: {…}}
App.tsx:940 ⏭️ [GameStart] Sem personagens pendentes, pulando...
App.tsx:1671 🏁 Aplicando centralização inicial...
App.tsx:1683 📍 Centralizando em jogador single player: {x: 36, y: 35}
useCameraControl.ts:82 🔍 Escala detectada: 0.67822265625, Container: 1389x874
useCameraControl.ts:122 🎥 Centralizando câmera no player:
useCameraControl.ts:123   📍 Player: (2122.4719999999998, 1442.3359999999998)
useCameraControl.ts:124   🌍 World Center: (2077.6, 953.8720000000001)
useCameraControl.ts:125   📏 Container: 1389x874
useCameraControl.ts:126   🔍 Scale: 0.67822265625
useCameraControl.ts:127   ➡️ Target Offset: (-30.433207031249893, -331.2873515624998)
useCameraControl.ts:128   📐 Clamped Offset: (-30.433207031249893, -218.1630859375)
useCameraControl.ts:129   🔒 Max Offset: (347.25, 218.1630859375)
App.tsx:1709 ✅ Centralização inicial aplicada
 🔍 🎬 👟 Movimento suave completo para tile (36,36). Movimentos restantes: 12
 Movimento inválido: não pode voltar para a última posição
 Verificando movimento de (36,36) para (36,37)
 Distância: 1, Movimentos restantes: 12
 Movimento válido!
 Verificando movimento de (36,36) para (36,37)
 Distância: 1, Movimentos restantes: 12
 Movimento válido!
 =========> [determineDirection] Posição atual: (36, 36)
 =========> [determineDirection] Posição alvo: (36, 37)
 =========> [determineDirection] Delta: dx=0, dy=1
 =========> [determineDirection] Direção anterior: down
 🔍 🎬 👟 Iniciando movimento de (36,36) para (36,37)
 Registrando função getTileScreenPosition
 Função de obtenção de posição do tile registrada
 🎮 [GameStart] Estado atual: {pendingSelectedCharacters: null, isLoading: false, error: null, progress: 0, playerPosition: {…}}
 ⏭️ [GameStart] Sem personagens pendentes, pulando...
App.tsx:1671 🏁 Aplicando centralização inicial...
App.tsx:1683 📍 Centralizando em jogador single player: {x: 36, y: 36}
useCameraControl.ts:82 🔍 Escala detectada: 0.67822265625, Container: 1389x874
useCameraControl.ts:122 🎥 Centralizando câmera no player:
useCameraControl.ts:123   📍 Player: (2074.6, 1466.272)
useCameraControl.ts:124   🌍 World Center: (2077.6, 953.8720000000001)
useCameraControl.ts:125   📏 Container: 1389x874
useCameraControl.ts:126   🔍 Scale: 0.67822265625
useCameraControl.ts:127   ➡️ Target Offset: (2.03466796875, -347.52128906249993)
useCameraControl.ts:128   📐 Clamped Offset: (2.03466796875, -218.1630859375)
useCameraControl.ts:129   🔒 Max Offset: (347.25, 218.1630859375)
App.tsx:1709 ✅ Centralização inicial aplicada
Player.ts:411 🔍 🎬 👟 Movimento suave completo para tile (36,37). Movimentos restantes: 11
Player.ts:231 Movimento inválido: não pode voltar para a última posição
App.tsx:1096 Verificando movimento de (36,37) para (36,38)
App.tsx:1097 Distância: 1, Movimentos restantes: 11
App.tsx:1125 Movimento válido!
App.tsx:1096 Verificando movimento de (36,37) para (36,38)
App.tsx:1097 Distância: 1, Movimentos restantes: 11
App.tsx:1125 Movimento válido!
Player.ts:191 =========> [determineDirection] Posição atual: (36, 37)
Player.ts:192 =========> [determineDirection] Posição alvo: (36, 38)
Player.ts:193 =========> [determineDirection] Delta: dx=0, dy=1
Player.ts:194 =========> [determineDirection] Direção anterior: down
Player.ts:336 🔍 🎬 👟 Iniciando movimento de (36,37) para (36,38)
IsometricBoard.tsx:265 Registrando função getTileScreenPosition
App.tsx:1027 Função de obtenção de posição do tile registrada
App.tsx:931 🎮 [GameStart] Estado atual: {pendingSelectedCharacters: null, isLoading: false, error: null, progress: 0, playerPosition: {…}}
App.tsx:940 ⏭️ [GameStart] Sem personagens pendentes, pulando...
App.tsx:1671 🏁 Aplicando centralização inicial...
App.tsx:1683 📍 Centralizando em jogador single player: {x: 36, y: 37}
useCameraControl.ts:82 🔍 Escala detectada: 0.67822265625, Container: 1389x874
useCameraControl.ts:122 🎥 Centralizando câmera no player:
useCameraControl.ts:123   📍 Player: (2026.728, 1490.208)
useCameraControl.ts:124   🌍 World Center: (2077.6, 953.8720000000001)
useCameraControl.ts:125   📏 Container: 1389x874
useCameraControl.ts:126   🔍 Scale: 0.67822265625
useCameraControl.ts:127   ➡️ Target Offset: (34.50254296874989, -363.7552265625)
useCameraControl.ts:128   📐 Clamped Offset: (34.50254296874989, -218.1630859375)
useCameraControl.ts:129   🔒 Max Offset: (347.25, 218.1630859375)
App.tsx:1709 ✅ Centralização inicial aplicada
 🔍 🎬 👟 Movimento suave completo para tile (36,38). Movimentos restantes: 10
 Movimento inválido: não pode voltar para a última posição
 Verificando movimento de (36,38) para (36,39)
 Distância: 1, Movimentos restantes: 10
App.tsx:1125 Movimento válido!
App.tsx:1096 Verificando movimento de (36,38) para (36,39)
App.tsx:1097 Distância: 1, Movimentos restantes: 10
App.tsx:1125 Movimento válido!
Player.ts:191 =========> [determineDirection] Posição atual: (36, 38)
Player.ts:192 =========> [determineDirection] Posição alvo: (36, 39)
Player.ts:193 =========> [determineDirection] Delta: dx=0, dy=1
Player.ts:194 =========> [determineDirection] Direção anterior: down
Player.ts:336 🔍 🎬 👟 Iniciando movimento de (36,38) para (36,39)
IsometricBoard.tsx:265 Registrando função getTileScreenPosition
App.tsx:1027 Função de obtenção de posição do tile registrada
App.tsx:931 🎮 [GameStart] Estado atual: {pendingSelectedCharacters: null, isLoading: false, error: null, progress: 0, playerPosition: {…}}
App.tsx:940 ⏭️ [GameStart] Sem personagens pendentes, pulando...
App.tsx:1671 🏁 Aplicando centralização inicial...
App.tsx:1683 📍 Centralizando em jogador single player: {x: 36, y: 38}
useCameraControl.ts:82 🔍 Escala detectada: 0.67822265625, Container: 1389x874
useCameraControl.ts:122 🎥 Centralizando câmera no player:
useCameraControl.ts:123   📍 Player: (1978.8559999999998, 1514.1439999999998)
useCameraControl.ts:124   🌍 World Center: (2077.6, 953.8720000000001)
useCameraControl.ts:125   📏 Container: 1389x874
useCameraControl.ts:126   🔍 Scale: 0.67822265625
useCameraControl.ts:127   ➡️ Target Offset: (66.9704179687501, -379.9891640624998)
useCameraControl.ts:128   📐 Clamped Offset: (66.9704179687501, -218.1630859375)
useCameraControl.ts:129   🔒 Max Offset: (347.25, 218.1630859375)
App.tsx:1709 ✅ Centralização inicial aplicada
 🔍 🎬 👟 Movimento suave completo para tile (36,39). Movimentos restantes: 9
 Movimento inválido: não pode voltar para a última posição
 Verificando movimento de (36,39) para (36,40)
 Distância: 1, Movimentos restantes: 9
App.tsx:1125 Movimento válido!
App.tsx:1096 Verificando movimento de (36,39) para (36,40)
App.tsx:1097 Distância: 1, Movimentos restantes: 9
App.tsx:1125 Movimento válido!
Player.ts:191 =========> [determineDirection] Posição atual: (36, 39)
Player.ts:192 =========> [determineDirection] Posição alvo: (36, 40)
Player.ts:193 =========> [determineDirection] Delta: dx=0, dy=1
Player.ts:194 =========> [determineDirection] Direção anterior: down
Player.ts:336 🔍 🎬 👟 Iniciando movimento de (36,39) para (36,40)
IsometricBoard.tsx:265 Registrando função getTileScreenPosition
App.tsx:1027 Função de obtenção de posição do tile registrada
App.tsx:931 🎮 [GameStart] Estado atual: {pendingSelectedCharacters: null, isLoading: false, error: null, progress: 0, playerPosition: {…}}
App.tsx:940 ⏭️ [GameStart] Sem personagens pendentes, pulando...
App.tsx:1671 🏁 Aplicando centralização inicial...
App.tsx:1683 📍 Centralizando em jogador single player: {x: 36, y: 39}
useCameraControl.ts:82 🔍 Escala detectada: 0.67822265625, Container: 1389x874
useCameraControl.ts:122 🎥 Centralizando câmera no player:
useCameraControl.ts:123   📍 Player: (1930.984, 1538.08)
useCameraControl.ts:124   🌍 World Center: (2077.6, 953.8720000000001)
useCameraControl.ts:125   📏 Container: 1389x874
useCameraControl.ts:126   🔍 Scale: 0.67822265625
useCameraControl.ts:127   ➡️ Target Offset: (99.43829296874999, -396.2231015624999)
useCameraControl.ts:128   📐 Clamped Offset: (99.43829296874999, -218.1630859375)
useCameraControl.ts:129   🔒 Max Offset: (347.25, 218.1630859375)
App.tsx:1709 ✅ Centralização inicial aplicada
 🔍 🎬 👟 Movimento suave completo para tile (36,40). Movimentos restantes: 8
 Movimento inválido: não pode voltar para a última posição
 Verificando movimento de (36,40) para (36,41)
 Distância: 1, Movimentos restantes: 8
App.tsx:1125 Movimento válido!
App.tsx:1096 Verificando movimento de (36,40) para (36,41)
App.tsx:1097 Distância: 1, Movimentos restantes: 8
App.tsx:1125 Movimento válido!
Player.ts:191 =========> [determineDirection] Posição atual: (36, 40)
Player.ts:192 =========> [determineDirection] Posição alvo: (36, 41)
Player.ts:193 =========> [determineDirection] Delta: dx=0, dy=1
Player.ts:194 =========> [determineDirection] Direção anterior: down
Player.ts:336 🔍 🎬 👟 Iniciando movimento de (36,40) para (36,41)
IsometricBoard.tsx:265 Registrando função getTileScreenPosition
App.tsx:1027 Função de obtenção de posição do tile registrada
App.tsx:931 🎮 [GameStart] Estado atual: {pendingSelectedCharacters: null, isLoading: false, error: null, progress: 0, playerPosition: {…}}
App.tsx:940 ⏭️ [GameStart] Sem personagens pendentes, pulando...
App.tsx:1671 🏁 Aplicando centralização inicial...
App.tsx:1683 📍 Centralizando em jogador single player: {x: 36, y: 40}
useCameraControl.ts:82 🔍 Escala detectada: 0.67822265625, Container: 1389x874
useCameraControl.ts:122 🎥 Centralizando câmera no player:
useCameraControl.ts:123   📍 Player: (1883.1119999999999, 1562.016)
useCameraControl.ts:124   🌍 World Center: (2077.6, 953.8720000000001)
useCameraControl.ts:125   📏 Container: 1389x874
useCameraControl.ts:126   🔍 Scale: 0.67822265625
useCameraControl.ts:127   ➡️ Target Offset: (131.90616796875003, -412.45703906250003)
useCameraControl.ts:128   📐 Clamped Offset: (131.90616796875003, -218.1630859375)
useCameraControl.ts:129   🔒 Max Offset: (347.25, 218.1630859375)
App.tsx:1709 ✅ Centralização inicial aplicada
 🔍 🎬 👟 Movimento suave completo para tile (36,41). Movimentos restantes: 7
 Movimento inválido: não pode voltar para a última posição
 Verificando movimento de (36,41) para (36,42)
 Distância: 1, Movimentos restantes: 7
App.tsx:1125 Movimento válido!
App.tsx:1096 Verificando movimento de (36,41) para (36,42)
App.tsx:1097 Distância: 1, Movimentos restantes: 7
App.tsx:1125 Movimento válido!
Player.ts:191 =========> [determineDirection] Posição atual: (36, 41)
Player.ts:192 =========> [determineDirection] Posição alvo: (36, 42)
Player.ts:193 =========> [determineDirection] Delta: dx=0, dy=1
Player.ts:194 =========> [determineDirection] Direção anterior: down
Player.ts:336 🔍 🎬 👟 Iniciando movimento de (36,41) para (36,42)
IsometricBoard.tsx:265 Registrando função getTileScreenPosition
App.tsx:1027 Função de obtenção de posição do tile registrada
App.tsx:931 🎮 [GameStart] Estado atual: {pendingSelectedCharacters: null, isLoading: false, error: null, progress: 0, playerPosition: {…}}
App.tsx:940 ⏭️ [GameStart] Sem personagens pendentes, pulando...
App.tsx:1671 🏁 Aplicando centralização inicial...
App.tsx:1683 📍 Centralizando em jogador single player: {x: 36, y: 41}
useCameraControl.ts:82 🔍 Escala detectada: 0.67822265625, Container: 1389x874
useCameraControl.ts:122 🎥 Centralizando câmera no player:
useCameraControl.ts:123   📍 Player: (1835.2399999999998, 1585.9519999999998)
useCameraControl.ts:124   🌍 World Center: (2077.6, 953.8720000000001)
useCameraControl.ts:125   📏 Container: 1389x874
useCameraControl.ts:126   🔍 Scale: 0.67822265625
useCameraControl.ts:127   ➡️ Target Offset: (164.37404296875008, -428.69097656249977)
useCameraControl.ts:128   📐 Clamped Offset: (164.37404296875008, -218.1630859375)
useCameraControl.ts:129   🔒 Max Offset: (347.25, 218.1630859375)
App.tsx:1709 ✅ Centralização inicial aplicada
 ✅ Centralização da câmera concluída
 🔍 🎬 👟 Movimento suave completo para tile (36,42). Movimentos restantes: 6
 Movimento inválido: não pode voltar para a última posição
 Verificando movimento de (36,42) para (36,43)
 Distância: 1, Movimentos restantes: 6
 Movimento válido!
App.tsx:1096 Verificando movimento de (36,42) para (36,43)
App.tsx:1097 Distância: 1, Movimentos restantes: 6
App.tsx:1125 Movimento válido!
Player.ts:191 =========> [determineDirection] Posição atual: (36, 42)
Player.ts:192 =========> [determineDirection] Posição alvo: (36, 43)
Player.ts:193 =========> [determineDirection] Delta: dx=0, dy=1
Player.ts:194 =========> [determineDirection] Direção anterior: down
Player.ts:336 🔍 🎬 👟 Iniciando movimento de (36,42) para (36,43)
App.tsx:1828 🎉 [TiabelAnimation] Animação da tiabel concluída!
IsometricBoard.tsx:265 Registrando função getTileScreenPosition
App.tsx:1027 Função de obtenção de posição do tile registrada
App.tsx:931 🎮 [GameStart] Estado atual: {pendingSelectedCharacters: null, isLoading: false, error: null, progress: 0, playerPosition: {…}}
App.tsx:940 ⏭️ [GameStart] Sem personagens pendentes, pulando...
App.tsx:1671 🏁 Aplicando centralização inicial...
App.tsx:1683 📍 Centralizando em jogador single player: {x: 36, y: 42}
useCameraControl.ts:82 🔍 Escala detectada: 0.67822265625, Container: 1389x874
useCameraControl.ts:122 🎥 Centralizando câmera no player:
useCameraControl.ts:123   📍 Player: (1787.368, 1609.888)
useCameraControl.ts:124   🌍 World Center: (2077.6, 953.8720000000001)
useCameraControl.ts:125   📏 Container: 1389x874
useCameraControl.ts:126   🔍 Scale: 0.67822265625
useCameraControl.ts:127   ➡️ Target Offset: (196.84191796874998, -444.9249140624999)
useCameraControl.ts:128   📐 Clamped Offset: (196.84191796874998, -218.1630859375)
useCameraControl.ts:129   🔒 Max Offset: (347.25, 218.1630859375)
App.tsx:1709 ✅ Centralização inicial aplicada
 ✅ Centralização da câmera concluída
 🔍 🎬 👟 Movimento suave completo para tile (36,43). Movimentos restantes: 5
 Movimento inválido: não pode voltar para a última posição
 Verificando movimento de (36,43) para (36,44)
 Distância: 1, Movimentos restantes: 5
App.tsx:1125 Movimento válido!
App.tsx:1096 Verificando movimento de (36,43) para (36,44)
App.tsx:1097 Distância: 1, Movimentos restantes: 5
App.tsx:1125 Movimento válido!
Player.ts:191 =========> [determineDirection] Posição atual: (36, 43)
Player.ts:192 =========> [determineDirection] Posição alvo: (36, 44)
Player.ts:193 =========> [determineDirection] Delta: dx=0, dy=1
Player.ts:194 =========> [determineDirection] Direção anterior: down
Player.ts:336 🔍 🎬 👟 Iniciando movimento de (36,43) para (36,44)
IsometricBoard.tsx:265 Registrando função getTileScreenPosition
App.tsx:1027 Função de obtenção de posição do tile registrada
App.tsx:931 🎮 [GameStart] Estado atual: {pendingSelectedCharacters: null, isLoading: false, error: null, progress: 0, playerPosition: {…}}
App.tsx:940 ⏭️ [GameStart] Sem personagens pendentes, pulando...
App.tsx:1671 🏁 Aplicando centralização inicial...
App.tsx:1683 📍 Centralizando em jogador single player: {x: 36, y: 43}
useCameraControl.ts:82 🔍 Escala detectada: 0.67822265625, Container: 1389x874
useCameraControl.ts:122 🎥 Centralizando câmera no player:
useCameraControl.ts:123   📍 Player: (1739.4959999999999, 1633.824)
useCameraControl.ts:124   🌍 World Center: (2077.6, 953.8720000000001)
useCameraControl.ts:125   📏 Container: 1389x874
useCameraControl.ts:126   🔍 Scale: 0.67822265625
useCameraControl.ts:127   ➡️ Target Offset: (229.30979296875003, -461.1588515625)
useCameraControl.ts:128   📐 Clamped Offset: (229.30979296875003, -218.1630859375)
useCameraControl.ts:129   🔒 Max Offset: (347.25, 218.1630859375)
App.tsx:1709 ✅ Centralização inicial aplicada
 ✅ Centralização da câmera concluída
 [HitsTracker] 🎯 Verificando condições no tile 36,44: hits=4, newsHistory.length=4
 [HitsTracker] 📊 Porcentagem calculada: 100%
 [SkateDetection] ✅ Tile 36,44 detectado com 100% de acertos (4/4)! Ativando transporte de skate.
 [Player.setDirection] Mudando direção de down para left na posição (36, 44)
 [SkateTransport] ========== INICIANDO TRANSPORTE DO SKATE ==========
 [SkateTransport] Player ID: single-player
 [SkateTransport] Posições calculadas: {trigger: {…}, triggerScreen: {…}, skateStart: {…}, skateStartScreen: {…}, skateFlight: {…}, …}
 [SkateTransport] Etapa 0: Entrando no estado de transporte
 [SkateTransport] Direção anterior do jogador salva: down
 [SkateTransport] Zerando movesLeft do jogador
 [SkateTransport] Virando personagem para a sua direita
 [SkateTransport] Mudando direção do jogador para: left
 [Player.setDirection] Mudando direção de left para left na posição (36, 44)
 [SkateTransport] Etapa 1: Iniciando - Personagem salta para o skate (500ms)
App.tsx:2046 [SkateTransport] Atualizando posição do skate: {isoX: 1598.8799999999999, isoY: 1648.016}
Player.ts:411 🔍 🎬 👟 Movimento suave completo para tile (36,44). Movimentos restantes: 0
Player.ts:446 Sem movimentos restantes
IsometricBoard.tsx:265 Registrando função getTileScreenPosition
App.tsx:1027 Função de obtenção de posição do tile registrada
App.tsx:931 🎮 [GameStart] Estado atual: {pendingSelectedCharacters: null, isLoading: false, error: null, progress: 0, playerPosition: {…}}
App.tsx:940 ⏭️ [GameStart] Sem personagens pendentes, pulando...
App.tsx:1671 🏁 Aplicando centralização inicial...
App.tsx:1683 📍 Centralizando em jogador single player: {x: 36, y: 44}
useCameraControl.ts:82 🔍 Escala detectada: 0.67822265625, Container: 1389x874
useCameraControl.ts:122 🎥 Centralizando câmera no player:
useCameraControl.ts:123   📍 Player: (1691.6239999999998, 1657.7600000000002)
useCameraControl.ts:124   🌍 World Center: (2077.6, 953.8720000000001)
useCameraControl.ts:125   📏 Container: 1389x874
useCameraControl.ts:126   🔍 Scale: 0.67822265625
useCameraControl.ts:127   ➡️ Target Offset: (261.77766796875005, -477.3927890625001)
useCameraControl.ts:128   📐 Clamped Offset: (261.77766796875005, -218.1630859375)
useCameraControl.ts:129   🔒 Max Offset: (347.25, 218.1630859375)
App.tsx:1709 ✅ Centralização inicial aplicada
App.tsx:2497 [FSM] Entrou em AnimacaoCaminhada, aguardando final da caminhada
App.tsx:178 [FSM] Aguardando final da animação do Player (caminhada) --CAMINHADA_ANIMACAO_FIM--> Aguardando confirmação para próxima notícia
App.tsx:178 [FSM] Aguardando final da animação do Player (caminhada) --CAMINHADA_ANIMACAO_FIM--> Aguardando confirmação para próxima notícia
IsometricBoard.tsx:265 Registrando função getTileScreenPosition
App.tsx:1027 Função de obtenção de posição do tile registrada
App.tsx:2466 [FSM] Entrou em AguardandoProximaNoticia, aguardando botão para seguir
useCameraControl.ts:153 ✅ Centralização da câmera concluída
useCameraControl.ts:153 ✅ Centralização da câmera concluída
useCameraControl.ts:153 ✅ Centralização da câmera concluída
useCameraControl.ts:153 ✅ Centralização da câmera concluída
App.tsx:2130 [SkateTransport] Etapa 1: Concluída - Personagem chegou ao skate
App.tsx:2134 [SkateTransport] Etapa 2: Iniciando - Skate flutua com personagem (5000ms)
App.tsx:2046 [SkateTransport] Atualizando posição do skate: {isoX: 1598.8798448947198, isoY: 1648.01592244736}
App.tsx:2046 [SkateTransport] Atualizando posição do skate: {isoX: 1598.878536035345, isoY: 1648.0152680176725}
App.tsx:2046 [SkateTransport] Atualizando posição do skate: {isoX: 1598.8748537139816, isoY: 1648.013426856991}
App.tsx:2046 [SkateTransport] Atualizando posição do skate: {isoX: 1598.8670855265177, isoY: 1648.0095427632589}
useCameraControl.ts:153 ✅ Centralização da câmera concluída
App.tsx:2046 [SkateTransport] Atualizando posição do skate: {isoX: 1598.854474852669, isoY: 1648.0032374263346}
App.tsx:2046 [SkateTransport] Atualizando posição do skate: {isoX: 1598.836877802899, isoY: 1647.9944389014497}
App.tsx:2046 [SkateTransport] Atualizando posição do skate: {isoX: 1598.81010496512, isoY: 1647.98105248256}
App.tsx:2046 [SkateTransport] Atualizando posição do skate: {isoX: 1598.7752580939566, isoY: 1647.9636290469784}
App.tsx:2046 [SkateTransport] Atualizando posição do skate: {isoX: 1598.731016576041, isoY: 1647.9415082880205}
App.tsx:2046 [SkateTransport] Atualizando posição do skate: {isoX: 1598.675425964759, isoY: 1647.9137129823796}
App.tsx:2046 [SkateTransport] Atualizando posição do skate: {isoX: 1598.6065818220127, isoY: 1647.8792909110064}
useCameraControl.ts:153 ✅ Centralização da câmera concluída
App.tsx:2046 [SkateTransport] Atualizando posição do skate: {isoX: 1598.5238030573094, isoY: 1647.8379015286548}
App.tsx:2046 [SkateTransport] Atualizando posição do skate: {isoX: 1598.4251701720348, isoY: 1647.7885850860175}
App.tsx:2046 [SkateTransport] Atualizando posição do skate: {isoX: 1598.305383323048, isoY: 1647.7286916615242}
App.tsx:2046 [SkateTransport] Atualizando posição do skate: {isoX: 1598.1773191202203, isoY: 1647.6646595601103}
App.tsx:2046 [SkateTransport] Atualizando posição do skate: {isoX: 1598.0228173656647, isoY: 1647.5874086828323}
App.tsx:2046 [SkateTransport] Atualizando posição do skate: {isoX: 1597.8581226950648, isoY: 1647.5050613475325}
App.tsx:2046 [SkateTransport] Atualizando posição do skate: {isoX: 1597.6539883858663, isoY: 1647.4029941929332}
useCameraControl.ts:153 ✅ Centralização da câmera concluída
App.tsx:2046 [SkateTransport] Atualizando posição do skate: {isoX: 1597.4490351704228, isoY: 1647.3005175852115}
App.tsx:2046 [SkateTransport] Atualizando posição do skate: {isoX: 1597.2088435382993, isoY: 1647.18042176915}
App.tsx:2046 [SkateTransport] Atualizando posição do skate: {isoX: 1596.9431743109528, isoY: 1647.0475871554765}
App.tsx:2046 [SkateTransport] Atualizando posição do skate: {isoX: 1596.637882161717, isoY: 1646.8949410808586}
App.tsx:2046 [SkateTransport] Atualizando posição do skate: {isoX: 1596.3322710577054, isoY: 1646.742135528853}
App.tsx:2046 [SkateTransport] Atualizando posição do skate: {isoX: 1595.982642928681, isoY: 1646.5673214643405}
App.tsx:2046 [SkateTransport] Atualizando posição do skate: {isoX: 1595.5834027709336, isoY: 1646.367701385467}
useCameraControl.ts:153 ✅ Centralização da câmera concluída
App.tsx:2046 [SkateTransport] Atualizando posição do skate: {isoX: 1595.190281555822, isoY: 1646.171140777911}
App.tsx:2046 [SkateTransport] Atualizando posição do skate: {isoX: 1594.7255709192525, isoY: 1645.9387854596264}
App.tsx:2046 [SkateTransport] Atualizando posição do skate: {isoX: 1594.2443369528216, isoY: 1645.698168476411}
App.tsx:2046 [SkateTransport] Atualizando posição do skate: {isoX: 1593.7369163996939, isoY: 1645.444458199847}
App.tsx:2046 [SkateTransport] Atualizando posição do skate: {isoX: 1593.2074388832602, isoY: 1645.1797194416301}
App.tsx:2046 [SkateTransport] Atualizando posição do skate: {isoX: 1592.60267676672, isoY: 1644.87733838336}
useCameraControl.ts:153 ✅ Centralização da câmera concluída
App.tsx:2046 [SkateTransport] Atualizando posição do skate: {isoX: 1591.952485945743, isoY: 1644.5522429728717}
App.tsx:2046 [SkateTransport] Atualizando posição do skate: {isoX: 1591.3211329600654, isoY: 1644.2365664800327}
App.tsx:2046 [SkateTransport] Atualizando posição do skate: {isoX: 1590.6130627017828, isoY: 1643.8825313508917}
App.tsx:2046 [SkateTransport] Atualizando posição do skate: {isoX: 1589.8434644370739, isoY: 1643.497732218537}
App.tsx:2046 [SkateTransport] Atualizando posição do skate: {isoX: 1589.0225872348265, isoY: 1643.0872936174135}
App.tsx:2046 [SkateTransport] Atualizando posição do skate: {isoX: 1588.1638945960856, isoY: 1642.657947298043}
App.tsx:2046 [SkateTransport] Atualizando posição do skate: {isoX: 1587.311780045801, isoY: 1642.2318900229006}
App.tsx:2046 [SkateTransport] Atualizando posição do skate: {isoX: 1586.346200412641, isoY: 1641.7491002063207}
App.tsx:2046 [SkateTransport] Atualizando posição do skate: {isoX: 1585.395409550039, isoY: 1641.2737047750195}
App.tsx:2046 [SkateTransport] Atualizando posição do skate: {isoX: 1584.3529737008737, isoY: 1640.752486850437}
App.tsx:2046 [SkateTransport] Atualizando posição do skate: {isoX: 1583.2648665472634, isoY: 1640.208433273632}
App.tsx:2046 [SkateTransport] Atualizando posição do skate: {isoX: 1582.08148349952, isoY: 1639.61674174976}
App.tsx:2046 [SkateTransport] Atualizando posição do skate: {isoX: 1580.8397738074827, isoY: 1638.9958869037414}
App.tsx:2046 [SkateTransport] Atualizando posição do skate: {isoX: 1579.6079364571851, isoY: 1638.3799682285928}
App.tsx:2046 [SkateTransport] Atualizando posição do skate: {isoX: 1578.3293257415146, isoY: 1637.7406628707574}
App.tsx:2046 [SkateTransport] Atualizando posição do skate: {isoX: 1576.8858977505176, isoY: 1637.018948875259}
App.tsx:2046 [SkateTransport] Atualizando posição do skate: {isoX: 1575.4556810160868, isoY: 1636.3038405080435}
App.tsx:2046 [SkateTransport] Atualizando posição do skate: {isoX: 1574.00141755392, isoY: 1635.57670877696}
App.tsx:2046 [SkateTransport] Atualizando posição do skate: {isoX: 1572.3928068045925, isoY: 1634.7724034022965}
App.tsx:2046 [SkateTransport] Atualizando posição do skate: {isoX: 1570.875163493296, isoY: 1634.013581746648}
App.tsx:2046 [SkateTransport] Atualizando posição do skate: {isoX: 1569.1049214390925, isoY: 1633.1284607195464}
App.tsx:2046 [SkateTransport] Atualizando posição do skate: {isoX: 1567.4010850071859, isoY: 1632.276542503593}
App.tsx:2046 [SkateTransport] Atualizando posição do skate: {isoX: 1565.4999528210185, isoY: 1631.3259764105094}
App.tsx:2046 [SkateTransport] Atualizando posição do skate: {isoX: 1563.6855901137812, isoY: 1630.4187950568908}
App.tsx:2046 [SkateTransport] Atualizando posição do skate: {isoX: 1561.6511088858624, isoY: 1629.4015544429312}
App.tsx:2046 [SkateTransport] Atualizando posição do skate: {isoX: 1559.7506243821176, isoY: 1628.451312191059}
App.tsx:2046 [SkateTransport] Atualizando posição do skate: {isoX: 1557.5172276997016, isoY: 1627.334613849851}
App.tsx:2046 [SkateTransport] Atualizando posição do skate: {isoX: 1555.4000357958623, isoY: 1626.2760178979313}
App.tsx:2046 [SkateTransport] Atualizando posição do skate: {isoX: 1553.088127176655, isoY: 1625.1200635883276}
App.tsx:2046 [SkateTransport] Atualizando posição do skate: {isoX: 1550.8236334387198, isoY: 1623.9878167193601}
App.tsx:2046 [SkateTransport] Atualizando posição do skate: {isoX: 1548.4270220449982, isoY: 1622.7895110224993}
App.tsx:2046 [SkateTransport] Atualizando posição do skate: {isoX: 1545.9217236290654, isoY: 1621.5368618145328}
App.tsx:2046 [SkateTransport] Atualizando posição do skate: {isoX: 1543.3973836856264, isoY: 1620.2746918428134}
App.tsx:2046 [SkateTransport] Atualizando posição do skate: {isoX: 1540.7940741684426, isoY: 1618.9730370842215}
App.tsx:2046 [SkateTransport] Atualizando posição do skate: {isoX: 1537.9776041754515, isoY: 1617.5648020877259}
App.tsx:2046 [SkateTransport] Atualizando posição do skate: {isoX: 1535.242967284424, isoY: 1616.197483642212}
App.tsx:2046 [SkateTransport] Atualizando posição do skate: {isoX: 1532.3041868209457, isoY: 1614.728093410473}
App.tsx:2046 [SkateTransport] Atualizando posição do skate: {isoX: 1529.312654451815, isoY: 1613.2323272259075}
App.tsx:2046 [SkateTransport] Atualizando posição do skate: {isoX: 1526.1766817798323, isoY: 1611.6643408899163}
App.tsx:2046 [SkateTransport] Atualizando posição do skate: {isoX: 1522.9671219600723, isoY: 1610.0595609800364}
App.tsx:2046 [SkateTransport] Atualizando posição do skate: {isoX: 1519.7239123237703, isoY: 1608.4379561618853}
App.tsx:2046 [SkateTransport] Atualizando posição do skate: {isoX: 1516.4506948915198, isoY: 1606.80134744576}
App.tsx:2046 [SkateTransport] Atualizando posição do skate: {isoX: 1513.109365003141, isoY: 1605.1306825015706}
App.tsx:2046 [SkateTransport] Atualizando posição do skate: {isoX: 1509.5930991676228, isoY: 1603.3725495838114}
App.tsx:2046 [SkateTransport] Atualizando posição do skate: {isoX: 1505.9158804384238, isoY: 1601.5339402192121}
App.tsx:2046 [SkateTransport] Atualizando posição do skate: {isoX: 1502.2069805663743, isoY: 1599.6794902831873}
App.tsx:2046 [SkateTransport] Atualizando posição do skate: {isoX: 1498.4007228257433, isoY: 1597.7763614128717}
App.tsx:2046 [SkateTransport] Atualizando posição do skate: {isoX: 1494.2574352737176, isoY: 1595.704717636859}
App.tsx:2046 [SkateTransport] Atualizando posição do skate: {isoX: 1490.4422242368203, isoY: 1593.7971121184103}
App.tsx:2046 [SkateTransport] Atualizando posição do skate: {isoX: 1486.3350986510284, isoY: 1591.7435493255143}
App.tsx:2046 [SkateTransport] Atualizando posição do skate: {isoX: 1481.8686693084055, isoY: 1589.510334654203}
App.tsx:2046 [SkateTransport] Atualizando posição do skate: {isoX: 1477.5228214880567, isoY: 1587.3374107440286}
App.tsx:2046 [SkateTransport] Atualizando posição do skate: {isoX: 1473.367230297335, isoY: 1585.2596151486678}
App.tsx:2046 [SkateTransport] Atualizando posição do skate: {isoX: 1468.5938277480277, isoY: 1582.872913874014}
App.tsx:2046 [SkateTransport] Atualizando posição do skate: {isoX: 1464.0402700579407, isoY: 1580.5961350289706}
App.tsx:2046 [SkateTransport] Atualizando posição do skate: {isoX: 1459.2951017502933, isoY: 1578.2235508751469}
App.tsx:2046 [SkateTransport] Atualizando posição do skate: {isoX: 1454.38072138752, isoY: 1575.7663606937601}
App.tsx:2046 [SkateTransport] Atualizando posição do skate: {isoX: 1449.5338900177717, isoY: 1573.342945008886}
App.tsx:2046 [SkateTransport] Atualizando posição do skate: {isoX: 1444.3633738058036, isoY: 1570.757686902902}
App.tsx:2046 [SkateTransport] Atualizando posição do skate: {isoX: 1439.201419810544, isoY: 1568.1767099052722}
App.tsx:2046 [SkateTransport] Atualizando posição do skate: {isoX: 1433.8287821537474, isoY: 1565.490391076874}
App.tsx:2046 [SkateTransport] Atualizando posição do skate: {isoX: 1428.370006906583, isoY: 1562.7610034532916}
App.tsx:2046 [SkateTransport] Atualizando posição do skate: {isoX: 1422.5557599431577, isoY: 1559.8538799715789}
App.tsx:2046 [SkateTransport] Atualizando posição do skate: {isoX: 1417.0940167161139, isoY: 1557.123008358057}
App.tsx:2046 [SkateTransport] Atualizando posição do skate: {isoX: 1411.0628597217192, isoY: 1554.1074298608598}
App.tsx:2046 [SkateTransport] Atualizando posição do skate: {isoX: 1405.439391649274, isoY: 1551.295695824637}
App.tsx:2046 [SkateTransport] Atualizando posição do skate: {isoX: 1399.41144424063, isoY: 1548.2817221203152}
App.tsx:2046 [SkateTransport] Atualizando posição do skate: {isoX: 1393.22211455762, isoY: 1545.18705727881}
App.tsx:2046 [SkateTransport] Atualizando posição do skate: {isoX: 1386.829643712649, isoY: 1541.9908218563246}
App.tsx:2046 [SkateTransport] Atualizando posição do skate: {isoX: 1380.1890660640358, isoY: 1538.670533032018}
App.tsx:2046 [SkateTransport] Atualizando posição do skate: {isoX: 1373.7693542954744, isoY: 1535.4606771477374}
App.tsx:2046 [SkateTransport] Atualizando posição do skate: {isoX: 1367.1441477640742, isoY: 1532.1480738820374}
App.tsx:2046 [SkateTransport] Atualizando posição do skate: {isoX: 1360.4315327284023, isoY: 1528.7917663642013}
App.tsx:2046 [SkateTransport] Atualizando posição do skate: {isoX: 1353.4641815873904, isoY: 1525.3080907936953}
App.tsx:2046 [SkateTransport] Atualizando posição do skate: {isoX: 1345.9758414515095, isoY: 1521.563920725755}
App.tsx:2046 [SkateTransport] Atualizando posição do skate: {isoX: 1338.7310227296161, isoY: 1517.9415113648083}
App.tsx:2046 [SkateTransport] Atualizando posição do skate: {isoX: 1331.7504902666649, isoY: 1514.4512451333326}
App.tsx:2046 [SkateTransport] Atualizando posição do skate: {isoX: 1324.1469504836928, isoY: 1510.6494752418466}
App.tsx:2046 [SkateTransport] Atualizando posição do skate: {isoX: 1316.6317284100805, isoY: 1506.8918642050403}
App.tsx:2046 [SkateTransport] Atualizando posição do skate: {isoX: 1308.6039734399692, isoY: 1502.8779867199848}
App.tsx:2046 [SkateTransport] Atualizando posição do skate: {isoX: 1300.5213969832857, isoY: 1498.836698491643}
App.tsx:2046 [SkateTransport] Atualizando posição do skate: {isoX: 1292.4367129504062, isoY: 1494.7943564752031}
App.tsx:2046 [SkateTransport] Atualizando posição do skate: {isoX: 1284.5054736304678, isoY: 1490.8287368152342}
App.tsx:2046 [SkateTransport] Atualizando posição do skate: {isoX: 1276.2363951633752, isoY: 1486.6941975816876}
App.tsx:2046 [SkateTransport] Atualizando posição do skate: {isoX: 1267.4120011134273, isoY: 1482.2820005567137}
App.tsx:2046 [SkateTransport] Atualizando posição do skate: {isoX: 1259.0564895602909, isoY: 1478.1042447801456}
App.tsx:2046 [SkateTransport] Atualizando posição do skate: {isoX: 1249.9229720734616, isoY: 1473.537486036731}
App.tsx:2046 [SkateTransport] Atualizando posição do skate: {isoX: 1241.4938131350332, isoY: 1469.3229065675166}
App.tsx:2046 [SkateTransport] Atualizando posição do skate: {isoX: 1232.434973862585, isoY: 1464.7934869312926}
App.tsx:2046 [SkateTransport] Atualizando posição do skate: {isoX: 1222.8885611827197, isoY: 1460.02028059136}
App.tsx:2046 [SkateTransport] Atualizando posição do skate: {isoX: 1213.519304291754, isoY: 1455.3356521458772}
App.tsx:2046 [SkateTransport] Atualizando posição do skate: {isoX: 1203.6485449116374, isoY: 1450.4002724558188}
App.tsx:2046 [SkateTransport] Atualizando posição do skate: {isoX: 1194.4339726841986, isoY: 1445.7929863420995}
App.tsx:2046 [SkateTransport] Atualizando posição do skate: {isoX: 1184.002262244466, isoY: 1440.5771311222331}
App.tsx:2046 [SkateTransport] Atualizando posição do skate: {isoX: 1174.6073387795664, isoY: 1435.8796693897834}
App.tsx:2046 [SkateTransport] Atualizando posição do skate: {isoX: 1164.3322670861237, isoY: 1430.742133543062}
App.tsx:2046 [SkateTransport] Atualizando posição do skate: {isoX: 1153.3913723455807, isoY: 1425.2716861727906}
App.tsx:2046 [SkateTransport] Atualizando posição do skate: {isoX: 1142.9052531836014, isoY: 1420.0286265918007}
App.tsx:2046 [SkateTransport] Atualizando posição do skate: {isoX: 1132.1912100490138, isoY: 1414.671605024507}
App.tsx:2046 [SkateTransport] Atualizando posição do skate: {isoX: 1121.3106358777359, isoY: 1409.231317938868}
App.tsx:2046 [SkateTransport] Atualizando posição do skate: {isoX: 1110.2622464082524, isoY: 1403.7071232041262}
App.tsx:2046 [SkateTransport] Atualizando posição do skate: {isoX: 1099.3830782302975, isoY: 1398.267539115149}
App.tsx:2046 [SkateTransport] Atualizando posição do skate: {isoX: 1088.0003253417265, isoY: 1392.5761626708634}
App.tsx:2046 [SkateTransport] Atualizando posição do skate: {isoX: 1076.8640572930433, isoY: 1387.0080286465218}
App.tsx:2046 [SkateTransport] Atualizando posição do skate: {isoX: 1064.5771467120594, isoY: 1380.86457335603}
App.tsx:2046 [SkateTransport] Atualizando posição do skate: {isoX: 1053.1042637018418, isoY: 1375.1281318509211}
App.tsx:2046 [SkateTransport] Atualizando posição do skate: {isoX: 1041.031504900569, isoY: 1369.0917524502847}
App.tsx:2046 [SkateTransport] Atualizando posição do skate: {isoX: 1028.26467991442, isoY: 1362.70833995721}
App.tsx:2046 [SkateTransport] Atualizando posição do skate: {isoX: 1015.9046686604408, isoY: 1356.5283343302206}
App.tsx:2046 [SkateTransport] Atualizando posição do skate: {isoX: 1003.5195587904577, isoY: 1350.335779395229}
App.tsx:2046 [SkateTransport] Atualizando posição do skate: {isoX: 990.9602679091199, isoY: 1344.0561339545602}
App.tsx:2046 [SkateTransport] Atualizando posição do skate: {isoX: 978.3037642051464, isoY: 1337.7278821025734}
App.tsx:2046 [SkateTransport] Atualizando posição do skate: {isoX: 965.0764430815921, isoY: 1331.1142215407963}
App.tsx:2046 [SkateTransport] Atualizando posição do skate: {isoX: 951.1799503344538, isoY: 1324.165975167227}
App.tsx:2046 [SkateTransport] Atualizando posição do skate: {isoX: 937.6528806041107, isoY: 1317.4024403020555}
App.tsx:2046 [SkateTransport] Atualizando posição do skate: {isoX: 924.5173855942886, isoY: 1310.8346927971445}
App.tsx:2046 [SkateTransport] Atualizando posição do skate: {isoX: 910.7066332586522, isoY: 1303.9293166293262}
App.tsx:2046 [SkateTransport] Atualizando posição do skate: {isoX: 896.8783670362949, isoY: 1297.0151835181475}
App.tsx:2046 [SkateTransport] Atualizando posição do skate: {isoX: 881.7474486003098, isoY: 1289.4497243001551}
App.tsx:2046 [SkateTransport] Atualizando posição do skate: {isoX: 867.5263498470298, isoY: 1282.339174923515}
App.tsx:2046 [SkateTransport] Atualizando posição do skate: {isoX: 853.4931983850386, isoY: 1275.3225991925194}
App.tsx:2046 [SkateTransport] Atualizando posição do skate: {isoX: 840.3105443773628, isoY: 1268.7312721886815}
App.tsx:2046 [SkateTransport] Atualizando posição do skate: {isoX: 825.8247540321175, isoY: 1261.4883770160588}
App.tsx:2046 [SkateTransport] Atualizando posição do skate: {isoX: 813.0782962900191, isoY: 1255.1151481450097}
App.tsx:2046 [SkateTransport] Atualizando posição do skate: {isoX: 799.3822197386578, isoY: 1248.267109869329}
App.tsx:2046 [SkateTransport] Atualizando posição do skate: {isoX: 785.9581934029432, isoY: 1241.5550967014717}
App.tsx:2046 [SkateTransport] Atualizando posição do skate: {isoX: 773.1107382303635, isoY: 1235.1313691151818}
App.tsx:2046 [SkateTransport] Atualizando posição do skate: {isoX: 760.5173189946389, isoY: 1228.8346594973195}
App.tsx:2046 [SkateTransport] Atualizando posição do skate: {isoX: 747.3466767915884, isoY: 1222.2493383957944}
App.tsx:2046 [SkateTransport] Atualizando posição do skate: {isoX: 735.6301162507349, isoY: 1216.3910581253676}
App.tsx:2046 [SkateTransport] Atualizando posição do skate: {isoX: 722.828956389666, isoY: 1209.990478194833}
App.tsx:2046 [SkateTransport] Atualizando posição do skate: {isoX: 711.3713874080865, isoY: 1204.2616937040434}
App.tsx:2046 [SkateTransport] Atualizando posição do skate: {isoX: 698.722799228592, isoY: 1197.937399614296}
App.tsx:2046 [SkateTransport] Atualizando posição do skate: {isoX: 686.9684665519505, isoY: 1192.0602332759754}
App.tsx:2046 [SkateTransport] Atualizando posição do skate: {isoX: 675.5937740630244, isoY: 1186.3728870315124}
App.tsx:2046 [SkateTransport] Atualizando posição do skate: {isoX: 664.7241142767629, isoY: 1180.9380571383815}
App.tsx:2046 [SkateTransport] Atualizando posição do skate: {isoX: 653.4740763165872, isoY: 1175.3130381582937}
App.tsx:2046 [SkateTransport] Atualizando posição do skate: {isoX: 642.1300442419199, isoY: 1169.64102212096}
App.tsx:2046 [SkateTransport] Atualizando posição do skate: {isoX: 631.3510760697136, isoY: 1164.2515380348568}
App.tsx:2046 [SkateTransport] Atualizando posição do skate: {isoX: 620.7987518922722, isoY: 1158.9753759461362}
App.tsx:2046 [SkateTransport] Atualizando posição do skate: {isoX: 610.2802751556711, isoY: 1153.7161375778358}
App.tsx:2046 [SkateTransport] Atualizando posição do skate: {isoX: 599.2435081636162, isoY: 1148.1977540818082}
App.tsx:2046 [SkateTransport] Atualizando posição do skate: {isoX: 588.9980526796579, isoY: 1143.075026339829}
App.tsx:2046 [SkateTransport] Atualizando posição do skate: {isoX: 579.4535201880158, isoY: 1138.3027600940081}
App.tsx:2046 [SkateTransport] Atualizando posição do skate: {isoX: 568.9905931156841, isoY: 1133.0712965578423}
App.tsx:2046 [SkateTransport] Atualizando posição do skate: {isoX: 559.8643295114821, isoY: 1128.5081647557413}
App.tsx:2046 [SkateTransport] Atualizando posição do skate: {isoX: 550.2471330664991, isoY: 1123.6995665332497}
App.tsx:2046 [SkateTransport] Atualizando posição do skate: {isoX: 540.8426501489466, isoY: 1118.9973250744733}
App.tsx:2046 [SkateTransport] Atualizando posição do skate: {isoX: 531.0391396769289, isoY: 1114.0955698384646}
App.tsx:2046 [SkateTransport] Atualizando posição do skate: {isoX: 522.2208925614611, isoY: 1109.6864462807307}
App.tsx:2046 [SkateTransport] Atualizando posição do skate: {isoX: 513.3307656831184, isoY: 1105.2413828415592}
App.tsx:2046 [SkateTransport] Atualizando posição do skate: {isoX: 504.06330695968563, isoY: 1100.607653479843}
App.tsx:2046 [SkateTransport] Atualizando posição do skate: {isoX: 495.9409758153829, isoY: 1096.5464879076917}
App.tsx:2046 [SkateTransport] Atualizando posição do skate: {isoX: 487.33907175062427, isoY: 1092.2455358753123}
App.tsx:2046 [SkateTransport] Atualizando posição do skate: {isoX: 478.4876902779881, isoY: 1087.8198451389942}
App.tsx:2046 [SkateTransport] Atualizando posição do skate: {isoX: 470.2880578216857, isoY: 1083.720028910843}
App.tsx:2046 [SkateTransport] Atualizando posição do skate: {isoX: 462.18351514278993, isoY: 1079.6677575713952}
App.tsx:2046 [SkateTransport] Atualizando posição do skate: {isoX: 454.2698549642355, isoY: 1075.7109274821178}
App.tsx:2046 [SkateTransport] Atualizando posição do skate: {isoX: 446.8682508623599, isoY: 1072.01012543118}
App.tsx:2046 [SkateTransport] Atualizando posição do skate: {isoX: 438.7721297917449, isoY: 1067.9620648958726}
App.tsx:2046 [SkateTransport] Atualizando posição do skate: {isoX: 431.636323294249, isoY: 1064.3941616471247}
App.tsx:2046 [SkateTransport] Atualizando posição do skate: {isoX: 424.0531320830735, isoY: 1060.6025660415369}
App.tsx:2046 [SkateTransport] Atualizando posição do skate: {isoX: 416.61385723173953, isoY: 1056.8829286158698}
App.tsx:2046 [SkateTransport] Atualizando posição do skate: {isoX: 409.65532958358494, isoY: 1053.4036647917926}
App.tsx:2046 [SkateTransport] Atualizando posição do skate: {isoX: 402.61762052569384, isoY: 1049.8848102628472}
App.tsx:2046 [SkateTransport] Atualizando posição do skate: {isoX: 395.9184164264111, isoY: 1046.5352082132058}
App.tsx:2046 [SkateTransport] Atualizando posição do skate: {isoX: 389.1454479330414, isoY: 1043.1487239665207}
App.tsx:2046 [SkateTransport] Atualizando posição do skate: {isoX: 382.3875219604374, isoY: 1039.769760980219}
App.tsx:2046 [SkateTransport] Atualizando posição do skate: {isoX: 376.3025061371088, isoY: 1036.7272530685545}
App.tsx:2046 [SkateTransport] Atualizando posição do skate: {isoX: 369.99200972075096, isoY: 1033.5720048603757}
App.tsx:2046 [SkateTransport] Atualizando posição do skate: {isoX: 363.4016114191254, isoY: 1030.2768057095627}
App.tsx:2046 [SkateTransport] Atualizando posição do skate: {isoX: 357.49351742449403, isoY: 1027.3227587122472}
App.tsx:2046 [SkateTransport] Atualizando posição do skate: {isoX: 351.70253319728704, isoY: 1024.4272665986437}
App.tsx:2046 [SkateTransport] Atualizando posição do skate: {isoX: 345.71558188031963, isoY: 1021.43379094016}
App.tsx:2046 [SkateTransport] Atualizando posição do skate: {isoX: 340.1616416700008, isoY: 1018.6568208350005}
App.tsx:2046 [SkateTransport] Atualizando posição do skate: {isoX: 334.588324113573, isoY: 1015.8701620567866}
App.tsx:2046 [SkateTransport] Atualizando posição do skate: {isoX: 328.8729959114114, isoY: 1013.0124979557058}
App.tsx:2046 [SkateTransport] Atualizando posição do skate: {isoX: 323.6988363487535, isoY: 1010.4254181743769}
App.tsx:2046 [SkateTransport] Atualizando posição do skate: {isoX: 318.291061310945, isoY: 1007.7215306554726}
App.tsx:2046 [SkateTransport] Atualizando posição do skate: {isoX: 313.0665305727896, isoY: 1005.1092652863949}
App.tsx:2046 [SkateTransport] Atualizando posição do skate: {isoX: 308.28714909206406, isoY: 1002.7195745460322}
App.tsx:2046 [SkateTransport] Atualizando posição do skate: {isoX: 303.43564352626186, isoY: 1000.2938217631311}
App.tsx:2046 [SkateTransport] Atualizando posição do skate: {isoX: 298.60792262263635, isoY: 997.8799613113183}
App.tsx:2046 [SkateTransport] Atualizando posição do skate: {isoX: 293.6978089008235, isoY: 995.4249044504119}
App.tsx:2046 [SkateTransport] Atualizando posição do skate: {isoX: 289.36756545847265, isoY: 993.2597827292365}
App.tsx:2046 [SkateTransport] Atualizando posição do skate: {isoX: 284.76330764891895, isoY: 990.9576538244596}
App.tsx:2046 [SkateTransport] Atualizando posição do skate: {isoX: 280.5817253898649, isoY: 988.8668626949326}
App.tsx:2046 [SkateTransport] Atualizando posição do skate: {isoX: 276.2950351002007, isoY: 986.7235175501005}
App.tsx:2046 [SkateTransport] Atualizando posição do skate: {isoX: 272.1381460381781, isoY: 984.6450730190892}
App.tsx:2046 [SkateTransport] Atualizando posição do skate: {isoX: 268.0599741084977, isoY: 982.605987054249}
App.tsx:2046 [SkateTransport] Atualizando posição do skate: {isoX: 264.13114492247087, isoY: 980.6415724612356}
App.tsx:2046 [SkateTransport] Atualizando posição do skate: {isoX: 260.09639571903335, isoY: 978.6241978595168}
App.tsx:2046 [SkateTransport] Atualizando posição do skate: {isoX: 256.36941033888775, isoY: 976.760705169444}
App.tsx:2046 [SkateTransport] Atualizando posição do skate: {isoX: 252.9115377244566, isoY: 975.0317688622284}
App.tsx:2046 [SkateTransport] Atualizando posição do skate: {isoX: 249.3503619938797, isoY: 973.25118099694}
App.tsx:2046 [SkateTransport] Atualizando posição do skate: {isoX: 245.82277717403326, isoY: 971.4873885870168}
App.tsx:2046 [SkateTransport] Atualizando posição do skate: {isoX: 242.471890812943, isoY: 969.8119454064716}
App.tsx:2046 [SkateTransport] Atualizando posição do skate: {isoX: 239.2897942013028, isoY: 968.2208971006515}
App.tsx:2046 [SkateTransport] Atualizando posição do skate: {isoX: 235.91109045279745, isoY: 966.5315452263989}
App.tsx:2046 [SkateTransport] Atualizando posição do skate: {isoX: 232.99863775477206, isoY: 965.0753188773862}
App.tsx:2046 [SkateTransport] Atualizando posição do skate: {isoX: 229.98659965859338, isoY: 963.5692998292968}
App.tsx:2046 [SkateTransport] Atualizando posição do skate: {isoX: 227.06187596512245, isoY: 962.1069379825614}
App.tsx:2046 [SkateTransport] Atualizando posição do skate: {isoX: 224.12277818059738, isoY: 960.6373890902988}
App.tsx:2046 [SkateTransport] Atualizando posição do skate: {isoX: 221.40430052699958, isoY: 959.2781502634999}
App.tsx:2046 [SkateTransport] Atualizando posição do skate: {isoX: 218.68861557200216, isoY: 957.9203077860012}
App.tsx:2046 [SkateTransport] Atualizando posição do skate: {isoX: 216.21043998796904, isoY: 956.6812199939847}
App.tsx:2046 [SkateTransport] Atualizando posição do skate: {isoX: 213.73257976100376, isoY: 955.442289880502}
App.tsx:2046 [SkateTransport] Atualizando posição do skate: {isoX: 211.28952099915568, isoY: 954.220760499578}
App.tsx:2046 [SkateTransport] Atualizando posição do skate: {isoX: 208.91189998601703, isoY: 953.0319499930087}
App.tsx:2046 [SkateTransport] Atualizando posição do skate: {isoX: 206.6131677344331, isoY: 951.8825838672167}
App.tsx:2046 [SkateTransport] Atualizando posição do skate: {isoX: 204.37907841309698, isoY: 950.7655392065486}
App.tsx:2046 [SkateTransport] Atualizando posição do skate: {isoX: 202.29694306593774, isoY: 949.724471532969}
App.tsx:2046 [SkateTransport] Atualizando posição do skate: {isoX: 200.21309516567453, isoY: 948.6825475828374}
App.tsx:2046 [SkateTransport] Atualizando posição do skate: {isoX: 198.3315016185138, isoY: 947.741750809257}
App.tsx:2046 [SkateTransport] Atualizando posição do skate: {isoX: 196.4241592237879, isoY: 946.7880796118941}
App.tsx:2046 [SkateTransport] Atualizando posição do skate: {isoX: 194.58616695092155, isoY: 945.8690834754609}
App.tsx:2046 [SkateTransport] Atualizando posição do skate: {isoX: 192.83703959815966, isoY: 944.99451979908}
App.tsx:2046 [SkateTransport] Atualizando posição do skate: {isoX: 191.1531188773622, isoY: 944.1525594386812}
App.tsx:2046 [SkateTransport] Atualizando posição do skate: {isoX: 189.46583666360152, isoY: 943.3089183318009}
App.tsx:2046 [SkateTransport] Atualizando posição do skate: {isoX: 187.92048250401785, isoY: 942.5362412520091}
App.tsx:2046 [SkateTransport] Atualizando posição do skate: {isoX: 186.36494091456666, isoY: 941.7584704572835}
App.tsx:2046 [SkateTransport] Atualizando posição do skate: {isoX: 184.98514335462983, isoY: 941.068571677315}
App.tsx:2046 [SkateTransport] Atualizando posição do skate: {isoX: 183.5948540678453, isoY: 940.3734270339228}
App.tsx:2046 [SkateTransport] Atualizando posição do skate: {isoX: 182.2636792617368, isoY: 939.7078396308685}
App.tsx:2046 [SkateTransport] Atualizando posição do skate: {isoX: 180.93820467526848, isoY: 939.0451023376344}
App.tsx:2046 [SkateTransport] Atualizando posição do skate: {isoX: 179.7308548015717, isoY: 938.441427400786}
App.tsx:2046 [SkateTransport] Atualizando posição do skate: {isoX: 178.55772166125098, isoY: 937.8548608306256}
App.tsx:2046 [SkateTransport] Atualizando posição do skate: {isoX: 177.49149729791975, isoY: 937.32174864896}
App.tsx:2046 [SkateTransport] Atualizando posição do skate: {isoX: 176.40648888474607, isoY: 936.7792444423732}
App.tsx:2046 [SkateTransport] Atualizando posição do skate: {isoX: 175.44025940145661, isoY: 936.2961297007284}
App.tsx:2046 [SkateTransport] Atualizando posição do skate: {isoX: 174.498345055247, isoY: 935.8251725276236}
App.tsx:2046 [SkateTransport] Atualizando posição do skate: {isoX: 173.60411577998366, isoY: 935.378057889992}
App.tsx:2046 [SkateTransport] Atualizando posição do skate: {isoX: 172.7014351343364, isoY: 934.9267175671683}
App.tsx:2046 [SkateTransport] Atualizando posição do skate: {isoX: 171.89711874917361, isoY: 934.5245593745869}
App.tsx:2046 [SkateTransport] Atualizando posição do skate: {isoX: 171.16837866112746, isoY: 934.1601893305639}
App.tsx:2046 [SkateTransport] Atualizando posição do skate: {isoX: 170.43723555919382, isoY: 933.794617779597}
App.tsx:2046 [SkateTransport] Atualizando posição do skate: {isoX: 169.7771805805669, isoY: 933.4645902902836}
App.tsx:2046 [SkateTransport] Atualizando posição do skate: {isoX: 169.1298865393021, isoY: 933.1409432696512}
App.tsx:2046 [SkateTransport] Atualizando posição do skate: {isoX: 168.526905731625, isoY: 932.8394528658126}
App.tsx:2046 [SkateTransport] Atualizando posição do skate: {isoX: 167.94354341073858, isoY: 932.5477717053694}
App.tsx:2046 [SkateTransport] Atualizando posição do skate: {isoX: 167.42471648664537, isoY: 932.2883582433228}
App.tsx:2046 [SkateTransport] Atualizando posição do skate: {isoX: 166.96674638716263, isoY: 932.0593731935815}
App.tsx:2046 [SkateTransport] Atualizando posição do skate: {isoX: 166.5159220272228, isoY: 931.8339610136115}
App.tsx:2046 [SkateTransport] Atualizando posição do skate: {isoX: 166.08369336559258, isoY: 931.6178466827964}
App.tsx:2046 [SkateTransport] Atualizando posição do skate: {isoX: 165.69669211667292, isoY: 931.4243460583366}
App.tsx:2046 [SkateTransport] Atualizando posição do skate: {isoX: 165.3324130063254, isoY: 931.2422065031628}
App.tsx:2046 [SkateTransport] Atualizando posição do skate: {isoX: 165.0196687383857, isoY: 931.085834369193}
App.tsx:2046 [SkateTransport] Atualizando posição do skate: {isoX: 164.70904813544985, isoY: 930.9305240677251}
App.tsx:2046 [SkateTransport] Atualizando posição do skate: {isoX: 164.4385082096535, isoY: 930.7952541048269}
App.tsx:2046 [SkateTransport] Atualizando posição do skate: {isoX: 164.20344682051518, isoY: 930.6777234102577}
App.tsx:2046 [SkateTransport] Atualizando posição do skate: {isoX: 163.97829522582583, isoY: 930.565147612913}
App.tsx:2046 [SkateTransport] Atualizando posição do skate: {isoX: 163.7782776325016, isoY: 930.4651388162509}
App.tsx:2046 [SkateTransport] Atualizando posição do skate: {isoX: 163.60264186518475, isoY: 930.3773209325925}
App.tsx:2046 [SkateTransport] Atualizando posição do skate: {isoX: 163.4519555619106, isoY: 930.3019777809554}
App.tsx:2046 [SkateTransport] Atualizando posição do skate: {isoX: 163.3164257587198, isoY: 930.23421287936}
App.tsx:2046 [SkateTransport] Atualizando posição do skate: {isoX: 163.20006857443036, isoY: 930.1760342872153}
App.tsx:2046 [SkateTransport] Atualizando posição do skate: {isoX: 163.09936018238818, isoY: 930.1256800911942}
App.tsx:2046 [SkateTransport] Atualizando posição do skate: {isoX: 163.01334895586297, isoY: 930.0826744779316}
App.tsx:2046 [SkateTransport] Atualizando posição do skate: {isoX: 162.93869093393573, isoY: 930.045345466968}
App.tsx:2046 [SkateTransport] Atualizando posição do skate: {isoX: 162.8804388525416, isoY: 930.0162194262709}
App.tsx:2046 [SkateTransport] Atualizando posição do skate: {isoX: 162.83182004376545, isoY: 929.9919100218829}
App.tsx:2046 [SkateTransport] Atualizando posição do skate: {isoX: 162.79512572500948, isoY: 929.9735628625049}
App.tsx:2046 [SkateTransport] Atualizando posição do skate: {isoX: 162.76877006340078, isoY: 929.9603850317005}
App.tsx:2046 [SkateTransport] Atualizando posição do skate: {isoX: 162.7485233084492, isoY: 929.9502616542247}
App.tsx:2046 [SkateTransport] Atualizando posição do skate: {isoX: 162.73470689900478, isoY: 929.9433534495025}
App.tsx:2046 [SkateTransport] Atualizando posição do skate: {isoX: 162.7262408272593, isoY: 929.9391204136298}
App.tsx:2046 [SkateTransport] Atualizando posição do skate: {isoX: 162.72198734906237, isoY: 929.9369936745313}
App.tsx:2046 [SkateTransport] Atualizando posição do skate: {isoX: 162.72025918675922, isoY: 929.9361295933797}
App.tsx:2046 [SkateTransport] Atualizando posição do skate: {isoX: 162.72000006116878, isoY: 929.9360000305845}
App.tsx:2046 [SkateTransport] Atualizando posição do skate: {isoX: 162.7199999999998, isoY: 929.936}
App.tsx:2139 [SkateTransport] Etapa 2: Concluída - Skate chegou ao destino
App.tsx:2141 [SkateTransport] Etapa 3: Iniciando - Personagem salta para tile final (500ms)
App.tsx:2001 [SkateTransport] Mudando direção do jogador para: up
Player.ts:125 [Player.setDirection] Mudando direção de left para up na posição (36, 44)
App.tsx:2147 [SkateTransport] Etapa 3: Concluída - Personagem pousou no tile 2,44
App.tsx:2046 [SkateTransport] Atualizando posição do skate: {isoX: 162.7199999999998, isoY: 929.936}
App.tsx:2152 [SkateTransport] Etapa 4: Iniciando - Skate retorna à origem (5000ms)
App.tsx:2046 [SkateTransport] Atualizando posição do skate: {isoX: 162.7202064451274, isoY: 929.9361032225638}
App.tsx:2046 [SkateTransport] Atualizando posição do skate: {isoX: 162.7215486752998, isoY: 929.93677433765}
App.tsx:2046 [SkateTransport] Atualizando posição do skate: {isoX: 162.7253737738074, isoY: 929.9386868869038}
App.tsx:2046 [SkateTransport] Atualizando posição do skate: {isoX: 162.7335150526141, isoY: 929.9427575263072}
App.tsx:2046 [SkateTransport] Atualizando posição do skate: {isoX: 162.74561841817675, isoY: 929.9488092090885}
App.tsx:2046 [SkateTransport] Atualizando posição do skate: {isoX: 162.76581938646214, isoY: 929.9589096932312}
App.tsx:2046 [SkateTransport] Atualizando posição do skate: {isoX: 162.7908106787899, isoY: 929.9714053393951}
App.tsx:2046 [SkateTransport] Atualizando posição do skate: {isoX: 162.82618108781034, isoY: 929.9890905439053}
App.tsx:2046 [SkateTransport] Atualizando posição do skate: {isoX: 162.8714124540728, isoY: 930.0117062270366}
App.tsx:2046 [SkateTransport] Atualizando posição do skate: {isoX: 162.92832759449757, isoY: 930.040163797249}
App.tsx:2046 [SkateTransport] Atualizando posição do skate: {isoX: 162.99796999725064, isoY: 930.0749849986255}
App.tsx:2046 [SkateTransport] Atualizando posição do skate: {isoX: 163.0865550917107, isoY: 930.1192775458555}
App.tsx:2046 [SkateTransport] Atualizando posição do skate: {isoX: 163.18057363580508, isoY: 930.1662868179027}
App.tsx:2046 [SkateTransport] Atualizando posição do skate: {isoX: 163.29610339463835, isoY: 930.2240516973193}
App.tsx:2046 [SkateTransport] Atualizando posição do skate: {isoX: 163.42864298889822, isoY: 930.2903214944492}
App.tsx:2046 [SkateTransport] Atualizando posição do skate: {isoX: 163.58106714186613, isoY: 930.3665335709333}
App.tsx:2046 [SkateTransport] Atualizando posição do skate: {isoX: 163.75281808300662, isoY: 930.4524090415034}
App.tsx:2046 [SkateTransport] Atualizando posição do skate: {isoX: 163.94847513302307, isoY: 930.5502375665117}
App.tsx:2046 [SkateTransport] Atualizando posição do skate: {isoX: 164.17015375918047, isoY: 930.6610768795904}
App.tsx:2046 [SkateTransport] Atualizando posição do skate: {isoX: 164.4032918925233, isoY: 930.7776459462618}
App.tsx:2046 [SkateTransport] Atualizando posição do skate: {isoX: 164.6769309863369, isoY: 930.9144654931686}
App.tsx:2046 [SkateTransport] Atualizando posição do skate: {isoX: 164.96948917866706, isoY: 931.0607445893337}
App.tsx:2046 [SkateTransport] Atualizando posição do skate: {isoX: 165.28984219526038, isoY: 931.2209210976304}
App.tsx:2046 [SkateTransport] Atualizando posição do skate: {isoX: 165.63705698916013, isoY: 931.3945284945802}
App.tsx:2046 [SkateTransport] Atualizando posição do skate: {isoX: 166.0165972290127, isoY: 931.5842986145065}
App.tsx:2046 [SkateTransport] Atualizando posição do skate: {isoX: 166.43028347882904, isoY: 931.7911417394147}
App.tsx:2046 [SkateTransport] Atualizando posição do skate: {isoX: 166.87720672428438, isoY: 932.0146033621423}
App.tsx:2046 [SkateTransport] Atualizando posição do skate: {isoX: 167.358651226895, isoY: 932.2553256134477}
App.tsx:2046 [SkateTransport] Atualizando posição do skate: {isoX: 167.88874017463388, isoY: 932.5203700873171}
App.tsx:2046 [SkateTransport] Atualizando posição do skate: {isoX: 168.42680872692708, isoY: 932.7894043634636}
App.tsx:2046 [SkateTransport] Atualizando posição do skate: {isoX: 169.02295489281823, isoY: 933.0874774464093}
App.tsx:2046 [SkateTransport] Atualizando posição do skate: {isoX: 169.68271874503307, isoY: 933.4173593725167}
App.tsx:2046 [SkateTransport] Atualizando posição do skate: {isoX: 170.3161776509301, isoY: 933.7340888254652}
App.tsx:2046 [SkateTransport] Atualizando posição do skate: {isoX: 171.06627114978153, isoY: 934.109135574891}
App.tsx:2046 [SkateTransport] Atualizando posição do skate: {isoX: 171.80791477741624, isoY: 934.4799573887083}
App.tsx:2046 [SkateTransport] Atualizando posição do skate: {isoX: 172.59224089476785, isoY: 934.8721204473841}
App.tsx:2046 [SkateTransport] Atualizando posição do skate: {isoX: 173.44132937449046, isoY: 935.2966646872453}
App.tsx:2046 [SkateTransport] Atualizando posição do skate: {isoX: 174.33775865596138, isoY: 935.7448793279808}
App.tsx:2046 [SkateTransport] Atualizando posição do skate: {isoX: 175.32932753423722, isoY: 936.2406637671187}
App.tsx:2046 [SkateTransport] Atualizando posição do skate: {isoX: 176.32671430393424, isoY: 936.7393571519673}
App.tsx:2046 [SkateTransport] Atualizando posição do skate: {isoX: 177.3689218088463, isoY: 937.2604609044233}
App.tsx:2046 [SkateTransport] Atualizando posição do skate: {isoX: 178.4765374282626, isoY: 937.8142687141315}
App.tsx:2046 [SkateTransport] Atualizando posição do skate: {isoX: 179.55378279357987, isoY: 938.35289139679}
App.tsx:2046 [SkateTransport] Atualizando posição do skate: {isoX: 180.82683163694094, isoY: 938.9894158184707}
App.tsx:2046 [SkateTransport] Atualizando posição do skate: {isoX: 182.09265360759946, isoY: 939.6223268037999}
App.tsx:2046 [SkateTransport] Atualizando posição do skate: {isoX: 183.40803742084094, isoY: 940.2800187104206}
App.tsx:2046 [SkateTransport] Atualizando posição do skate: {isoX: 184.7478614180028, isoY: 940.9499307090016}
App.tsx:2046 [SkateTransport] Atualizando posição do skate: {isoX: 186.23240231723827, isoY: 941.6922011586192}
App.tsx:2046 [SkateTransport] Atualizando posição do skate: {isoX: 187.7362018287295, isoY: 942.4441009143649}
App.tsx:2046 [SkateTransport] Atualizando posição do skate: {isoX: 189.30279173110503, isoY: 943.2273958655527}
App.tsx:2046 [SkateTransport] Atualizando posição do skate: {isoX: 190.84392140687598, isoY: 943.9979607034381}
App.tsx:2046 [SkateTransport] Atualizando posição do skate: {isoX: 192.5673982896676, isoY: 944.8596991448339}
App.tsx:2046 [SkateTransport] Atualizando posição do skate: {isoX: 194.32764832651978, isoY: 945.73982416326}
App.tsx:2046 [SkateTransport] Atualizando posição do skate: {isoX: 196.15577965918473, isoY: 946.6538898295925}
App.tsx:2046 [SkateTransport] Atualizando posição do skate: {isoX: 198.06464851739082, isoY: 947.6083242586956}
App.tsx:2046 [SkateTransport] Atualizando posição do skate: {isoX: 199.9728582104183, isoY: 948.5624291052093}
App.tsx:2046 [SkateTransport] Atualizando posição do skate: {isoX: 202.0230264400597, isoY: 949.58751322003}
App.tsx:2046 [SkateTransport] Atualizando posição do skate: {isoX: 204.21142779831087, isoY: 950.6817138991555}
App.tsx:2046 [SkateTransport] Atualizando posição do skate: {isoX: 206.38624962859114, isoY: 951.7691248142957}
App.tsx:2046 [SkateTransport] Atualizando posição do skate: {isoX: 208.66333424235972, isoY: 952.90766712118}
App.tsx:2046 [SkateTransport] Atualizando posição do skate: {isoX: 210.8758621123461, isoY: 954.0139310561732}
App.tsx:2046 [SkateTransport] Atualizando posição do skate: {isoX: 213.30514344543042, isoY: 955.2285717227153}
App.tsx:2046 [SkateTransport] Atualizando posição do skate: {isoX: 215.78442540878956, isoY: 956.4682127043949}
App.tsx:2046 [SkateTransport] Atualizando posição do skate: {isoX: 218.46878211402407, isoY: 957.8103910570121}
App.tsx:2046 [SkateTransport] Atualizando posição do skate: {isoX: 221.11268863580045, isoY: 959.1323443179003}
App.tsx:2046 [SkateTransport] Atualizando posição do skate: {isoX: 223.6889558137276, isoY: 960.4204779068639}
App.tsx:2046 [SkateTransport] Atualizando posição do skate: {isoX: 226.6486567273571, isoY: 961.9003283636787}
App.tsx:2046 [SkateTransport] Atualizando posição do skate: {isoX: 229.57863774452272, isoY: 963.3653188722615}
App.tsx:2046 [SkateTransport] Atualizando posição do skate: {isoX: 232.39646126683084, isoY: 964.7742306334155}
App.tsx:2046 [SkateTransport] Atualizando posição do skate: {isoX: 235.66693253853106, isoY: 966.4094662692656}
App.tsx:2046 [SkateTransport] Atualizando posição do skate: {isoX: 238.84499688187435, isoY: 967.9984984409373}
App.tsx:2046 [SkateTransport] Atualizando posição do skate: {isoX: 241.9157152533632, isoY: 969.5338576266818}
App.tsx:2046 [SkateTransport] Atualizando posição do skate: {isoX: 245.3733899240305, isoY: 971.2626949620154}
App.tsx:2046 [SkateTransport] Atualizando posição do skate: {isoX: 248.90929990358956, isoY: 973.0306499517949}
App.tsx:2046 [SkateTransport] Atualizando posição do skate: {isoX: 252.2217392885527, isoY: 974.6868696442765}
App.tsx:2046 [SkateTransport] Atualizando posição do skate: {isoX: 256.08162179183194, isoY: 976.616810895916}
App.tsx:2046 [SkateTransport] Atualizando posição do skate: {isoX: 259.8010175711605, isoY: 978.4765087855803}
App.tsx:2046 [SkateTransport] Atualizando posição do skate: {isoX: 263.40844753717136, isoY: 980.2802237685858}
App.tsx:2046 [SkateTransport] Atualizando posição do skate: {isoX: 267.3664257332726, isoY: 982.2592128666364}
App.tsx:2046 [SkateTransport] Atualizando posição do skate: {isoX: 271.5982144801967, isoY: 984.3751072400985}
App.tsx:2046 [SkateTransport] Atualizando posição do skate: {isoX: 275.74150245340337, isoY: 986.4467512267018}
App.tsx:2046 [SkateTransport] Atualizando posição do skate: {isoX: 279.98859259392657, isoY: 988.5702962969634}
App.tsx:2046 [SkateTransport] Atualizando posição do skate: {isoX: 284.1825690208946, isoY: 990.6672845104474}
App.tsx:2046 [SkateTransport] Atualizando posição do skate: {isoX: 288.5832885129761, isoY: 992.8676442564882}
App.tsx:2046 [SkateTransport] Atualizando posição do skate: {isoX: 293.33785317577156, isoY: 995.2449265878859}
App.tsx:2046 [SkateTransport] Atualizando posição do skate: {isoX: 297.9840207885044, isoY: 997.5680103942524}
App.tsx:2046 [SkateTransport] Atualizando posição do skate: {isoX: 302.681137664774, isoY: 999.9165688323872}
App.tsx:2046 [SkateTransport] Atualizando posição do skate: {isoX: 307.66358766481505, isoY: 1002.4077938324076}
App.tsx:2046 [SkateTransport] Atualizando posição do skate: {isoX: 312.52029463736415, isoY: 1004.8361473186823}
App.tsx:2046 [SkateTransport] Atualizando posição do skate: {isoX: 317.76324615921965, isoY: 1007.4576230796099}
App.tsx:2046 [SkateTransport] Atualizando posição do skate: {isoX: 322.6834002092204, isoY: 1009.9177001046103}
App.tsx:2046 [SkateTransport] Atualizando posição do skate: {isoX: 328.0300201784375, isoY: 1012.5910100892189}
App.tsx:2046 [SkateTransport] Atualizando posição do skate: {isoX: 333.82544878198064, isoY: 1015.4887243909905}
App.tsx:2046 [SkateTransport] Atualizando posição do skate: {isoX: 339.28087148167185, isoY: 1018.2164357408361}
App.tsx:2046 [SkateTransport] Atualizando posição do skate: {isoX: 344.74747525871476, isoY: 1020.9497376293575}
App.tsx:2046 [SkateTransport] Atualizando posição do skate: {isoX: 350.7486725142291, isoY: 1023.9503362571147}
App.tsx:2046 [SkateTransport] Atualizando posição do skate: {isoX: 356.5202524231725, isoY: 1026.8361262115864}
App.tsx:2046 [SkateTransport] Atualizando posição do skate: {isoX: 362.59236290803705, isoY: 1029.8721814540186}
App.tsx:2046 [SkateTransport] Atualizando posição do skate: {isoX: 368.7900003433465, isoY: 1032.9710001716735}
App.tsx:2046 [SkateTransport] Atualizando posição do skate: {isoX: 375.03795180100906, isoY: 1036.0949759005046}
App.tsx:2046 [SkateTransport] Atualizando posição do skate: {isoX: 381.52797135934463, isoY: 1039.3399856796725}
App.tsx:2046 [SkateTransport] Atualizando posição do skate: {isoX: 388.14891696711015, isoY: 1042.6504584835552}
App.tsx:2046 [SkateTransport] Atualizando posição do skate: {isoX: 394.8209182751069, isoY: 1045.9864591375535}
App.tsx:2046 [SkateTransport] Atualizando posição do skate: {isoX: 401.66466045398107, isoY: 1049.4083302269908}
App.tsx:2046 [SkateTransport] Atualizando posição do skate: {isoX: 408.93700344168263, isoY: 1053.0445017208415}
App.tsx:2046 [SkateTransport] Atualizando posição do skate: {isoX: 415.7960949703231, isoY: 1056.4740474851617}
App.tsx:2046 [SkateTransport] Atualizando posição do skate: {isoX: 422.95656951691075, isoY: 1060.0542847584554}
App.tsx:2046 [SkateTransport] Atualizando posição do skate: {isoX: 430.25085053461703, isoY: 1063.7014252673087}
App.tsx:2046 [SkateTransport] Atualizando posição do skate: {isoX: 437.7710626046749, isoY: 1067.4615313023376}
App.tsx:2046 [SkateTransport] Atualizando posição do skate: {isoX: 445.430897741098, isoY: 1071.2914488705492}
App.tsx:2046 [SkateTransport] Atualizando posição do skate: {isoX: 453.6088871751369, isoY: 1075.3804435875686}
App.tsx:2046 [SkateTransport] Atualizando posição do skate: {isoX: 461.1265860652467, isoY: 1079.1392930326235}
App.tsx:2046 [SkateTransport] Atualizando posição do skate: {isoX: 469.16328704850605, isoY: 1083.1576435242532}
App.tsx:2046 [SkateTransport] Atualizando posição do skate: {isoX: 477.39271581341774, isoY: 1087.272357906709}
App.tsx:2046 [SkateTransport] Atualizando posição do skate: {isoX: 486.2237174901366, isoY: 1091.6878587450685}
App.tsx:2046 [SkateTransport] Atualizando posição do skate: {isoX: 494.75446401224076, isoY: 1095.9532320061205}
App.tsx:2046 [SkateTransport] Atualizando posição do skate: {isoX: 502.962313115621, isoY: 1100.0571565578107}
App.tsx:2046 [SkateTransport] Atualizando posição do skate: {isoX: 511.8901206035577, isoY: 1104.521060301779}
App.tsx:2046 [SkateTransport] Atualizando posição do skate: {isoX: 520.8643551054845, isoY: 1109.0081775527424}
App.tsx:2046 [SkateTransport] Atualizando posição do skate: {isoX: 530.046167992222, isoY: 1113.5990839961112}
App.tsx:2046 [SkateTransport] Atualizando posição do skate: {isoX: 538.991402645795, isoY: 1118.0717013228978}
App.tsx:2046 [SkateTransport] Atualizando posição do skate: {isoX: 548.3652907639428, isoY: 1122.7586453819715}
App.tsx:2046 [SkateTransport] Atualizando posição do skate: {isoX: 558.0093305380074, isoY: 1127.580665269004}
App.tsx:2046 [SkateTransport] Atualizando posição do skate: {isoX: 567.8128272357344, isoY: 1132.4824136178672}
App.tsx:2046 [SkateTransport] Atualizando posição do skate: {isoX: 577.5977377542029, isoY: 1137.3748688771016}
App.tsx:2046 [SkateTransport] Atualizando posição do skate: {isoX: 588.2680899441352, isoY: 1142.7100449720679}
App.tsx:2046 [SkateTransport] Atualizando posição do skate: {isoX: 597.8228158178913, isoY: 1147.4874079089457}
App.tsx:2046 [SkateTransport] Atualizando posição do skate: {isoX: 608.5221018365291, isoY: 1152.8370509182648}
App.tsx:2046 [SkateTransport] Atualizando posição do skate: {isoX: 618.6947468149717, isoY: 1157.923373407486}
App.tsx:2046 [SkateTransport] Atualizando posição do skate: {isoX: 629.8615090878546, isoY: 1163.5067545439274}
App.tsx:2046 [SkateTransport] Atualizando posição do skate: {isoX: 640.946208010286, isoY: 1169.0491040051431}
App.tsx:2046 [SkateTransport] Atualizando posição do skate: {isoX: 651.4710917676102, isoY: 1174.3115458838051}
App.tsx:2046 [SkateTransport] Atualizando posição do skate: {isoX: 662.8260092671981, isoY: 1179.989004633599}
App.tsx:2046 [SkateTransport] Atualizando posição do skate: {isoX: 673.8744149975394, isoY: 1185.5132074987698}
App.tsx:2046 [SkateTransport] Atualizando posição do skate: {isoX: 685.7118903538499, isoY: 1191.4319451769252}
App.tsx:2046 [SkateTransport] Atualizando posição do skate: {isoX: 697.305927639834, isoY: 1197.2289638199172}
App.tsx:2046 [SkateTransport] Atualizando posição do skate: {isoX: 709.7166570898133, isoY: 1203.4343285449067}
App.tsx:2046 [SkateTransport] Atualizando posição do skate: {isoX: 721.661505728185, isoY: 1209.4067528640926}
App.tsx:2046 [SkateTransport] Atualizando posição do skate: {isoX: 734.0009187399174, isoY: 1215.576459369959}
App.tsx:2046 [SkateTransport] Atualizando posição do skate: {isoX: 746.4455568782149, isoY: 1221.7987784391075}
App.tsx:2046 [SkateTransport] Atualizando posição do skate: {isoX: 758.3086166501851, isoY: 1227.7303083250927}
App.tsx:2046 [SkateTransport] Atualizando posição do skate: {isoX: 771.0253863801053, isoY: 1234.0886931900527}
App.tsx:2046 [SkateTransport] Atualizando posição do skate: {isoX: 784.0001324815019, isoY: 1240.576066240751}
App.tsx:2046 [SkateTransport] Atualizando posição do skate: {isoX: 797.3961273982295, isoY: 1247.2740636991148}
App.tsx:2046 [SkateTransport] Atualizando posição do skate: {isoX: 810.5809489425267, isoY: 1253.8664744712635}
App.tsx:2046 [SkateTransport] Atualizando posição do skate: {isoX: 824.1918269895316, isoY: 1260.671913494766}
App.tsx:2046 [SkateTransport] Atualizando posição do skate: {isoX: 838.488397452115, isoY: 1267.8201987260577}
App.tsx:2046 [SkateTransport] Atualizando posição do skate: {isoX: 851.4798542977799, isoY: 1274.31592714889}
App.tsx:2046 [SkateTransport] Atualizando posição do skate: {isoX: 865.5707599156026, isoY: 1281.3613799578015}
App.tsx:2046 [SkateTransport] Atualizando posição do skate: {isoX: 880.62767458484, isoY: 1288.88983729242}
App.tsx:2046 [SkateTransport] Atualizando posição do skate: {isoX: 894.3289325515397, isoY: 1295.74046627577}
App.tsx:2046 [SkateTransport] Atualizando posição do skate: {isoX: 908.8622647815411, isoY: 1303.0071323907707}
App.tsx:2046 [SkateTransport] Atualizando posição do skate: {isoX: 922.2009379689548, isoY: 1309.6764689844777}
App.tsx:2046 [SkateTransport] Atualizando posição do skate: {isoX: 936.5920449963859, isoY: 1316.872022498193}
App.tsx:2046 [SkateTransport] Atualizando posição do skate: {isoX: 950.0530957702084, isoY: 1323.6025478851043}
App.tsx:2046 [SkateTransport] Atualizando posição do skate: {isoX: 962.7743031473977, isoY: 1329.963151573699}
App.tsx:2046 [SkateTransport] Atualizando posição do skate: {isoX: 975.9553724072463, isoY: 1336.5536862036233}
App.tsx:2046 [SkateTransport] Atualizando posição do skate: {isoX: 989.416672201594, isoY: 1343.2843361007972}
App.tsx:2046 [SkateTransport] Atualizando posição do skate: {isoX: 1001.6163151357573, isoY: 1349.384157567879}
App.tsx:2046 [SkateTransport] Atualizando posição do skate: {isoX: 1014.9292500131091, isoY: 1356.0406250065548}
App.tsx:2046 [SkateTransport] Atualizando posição do skate: {isoX: 1027.0810357190203, isoY: 1362.1165178595102}
App.tsx:2046 [SkateTransport] Atualizando posição do skate: {isoX: 1039.5738403749542, isoY: 1368.3629201874774}
App.tsx:2046 [SkateTransport] Atualizando posição do skate: {isoX: 1051.3800820491892, isoY: 1374.2660410245949}
App.tsx:2046 [SkateTransport] Atualizando posição do skate: {isoX: 1063.0898909129714, isoY: 1380.1209454564857}
App.tsx:2046 [SkateTransport] Atualizando posição do skate: {isoX: 1075.32987952029, isoY: 1386.240939760145}
App.tsx:2046 [SkateTransport] Atualizando posição do skate: {isoX: 1086.1439163299874, isoY: 1391.647958164994}
App.tsx:2046 [SkateTransport] Atualizando posição do skate: {isoX: 1097.8933238274717, isoY: 1397.522661913736}
App.tsx:2046 [SkateTransport] Atualizando posição do skate: {isoX: 1109.3951146289787, isoY: 1403.2735573144896}
App.tsx:2046 [SkateTransport] Atualizando posição do skate: {isoX: 1120.2593967100158, isoY: 1408.705698355008}
App.tsx:2046 [SkateTransport] Atualizando posição do skate: {isoX: 1131.2854790871438, isoY: 1414.218739543572}
App.tsx:2046 [SkateTransport] Atualizando posição do skate: {isoX: 1141.6946450022115, isoY: 1419.423322501106}
App.tsx:2046 [SkateTransport] Atualizando posição do skate: {isoX: 1152.3249602165974, isoY: 1424.7384801082987}
App.tsx:2046 [SkateTransport] Atualizando posição do skate: {isoX: 1162.4801528847415, isoY: 1429.8160764423708}
App.tsx:2046 [SkateTransport] Atualizando posição do skate: {isoX: 1172.8453609049254, isoY: 1434.9986804524628}
App.tsx:2046 [SkateTransport] Atualizando posição do skate: {isoX: 1183.2247031308905, isoY: 1440.1883515654454}
App.tsx:2046 [SkateTransport] Atualizando posição do skate: {isoX: 1192.6683493231494, isoY: 1444.9101746615747}
App.tsx:2046 [SkateTransport] Atualizando posição do skate: {isoX: 1202.257974214553, isoY: 1449.7049871072768}
App.tsx:2046 [SkateTransport] Atualizando posição do skate: {isoX: 1212.2660380037682, isoY: 1454.7090190018844}
App.tsx:2046 [SkateTransport] Atualizando posição do skate: {isoX: 1221.8800410697058, isoY: 1459.516020534853}
App.tsx:2046 [SkateTransport] Atualizando posição do skate: {isoX: 1230.6712787700858, isoY: 1463.9116393850431}
App.tsx:2046 [SkateTransport] Atualizando posição do skate: {isoX: 1240.247685248392, isoY: 1468.6998426241962}
App.tsx:2046 [SkateTransport] Atualizando posição do skate: {isoX: 1249.123427257746, isoY: 1473.1377136288731}
App.tsx:2046 [SkateTransport] Atualizando posição do skate: {isoX: 1257.6416517757511, isoY: 1477.3968258878758}
App.tsx:2046 [SkateTransport] Atualizando posição do skate: {isoX: 1266.6909335679404, isoY: 1481.9214667839703}
App.tsx:2046 [SkateTransport] Atualizando posição do skate: {isoX: 1275.2243394218115, isoY: 1486.1881697109059}
App.tsx:2046 [SkateTransport] Atualizando posição do skate: {isoX: 1283.5605603183749, isoY: 1490.3562801591875}
App.tsx:2046 [SkateTransport] Atualizando posição do skate: {isoX: 1291.8013105146874, isoY: 1494.4766552573437}
App.tsx:2046 [SkateTransport] Atualizando posição do skate: {isoX: 1299.656914793118, isoY: 1498.404457396559}
App.tsx:2046 [SkateTransport] Atualizando posição do skate: {isoX: 1307.8023669301754, isoY: 1502.4771834650878}
App.tsx:2046 [SkateTransport] Atualizando posição do skate: {isoX: 1315.242333946499, isoY: 1506.1971669732498}
App.tsx:2046 [SkateTransport] Atualizando posição do skate: {isoX: 1323.237690754149, isoY: 1510.1948453770747}
App.tsx:2046 [SkateTransport] Atualizando posição do skate: {isoX: 1330.8134033566323, isoY: 1513.9827016783163}
App.tsx:2046 [SkateTransport] Atualizando posição do skate: {isoX: 1338.1613216497767, isoY: 1517.6566608248886}
App.tsx:2046 [SkateTransport] Atualizando posição do skate: {isoX: 1345.3737230783206, isoY: 1521.2628615391604}
App.tsx:2046 [SkateTransport] Atualizando posição do skate: {isoX: 1352.4941041396917, isoY: 1524.823052069846}
App.tsx:2046 [SkateTransport] Atualizando posição do skate: {isoX: 1359.3555780555512, isoY: 1528.2537890277758}
App.tsx:2046 [SkateTransport] Atualizando posição do skate: {isoX: 1365.9664515968345, isoY: 1531.5592257984174}
App.tsx:2046 [SkateTransport] Atualizando posição do skate: {isoX: 1372.9332526429976, isoY: 1535.042626321499}
App.tsx:2046 [SkateTransport] Atualizando posição do skate: {isoX: 1379.2124780386853, isoY: 1538.182239019343}
App.tsx:2046 [SkateTransport] Atualizando posição do skate: {isoX: 1385.7579110818788, isoY: 1541.4549555409394}
App.tsx:2046 [SkateTransport] Atualizando posição do skate: {isoX: 1392.0592900078566, isoY: 1544.6056450039284}
App.tsx:2046 [SkateTransport] Atualizando posição do skate: {isoX: 1398.5664990563992, isoY: 1547.8592495281996}
App.tsx:2046 [SkateTransport] Atualizando posição do skate: {isoX: 1404.2869621012321, isoY: 1550.7194810506162}
App.tsx:2046 [SkateTransport] Atualizando posição do skate: {isoX: 1410.2511237493288, isoY: 1553.7015618746645}
App.tsx:2046 [SkateTransport] Atualizando posição do skate: {isoX: 1416.0921577858608, isoY: 1556.6220788929304}
App.tsx:2046 [SkateTransport] Atualizando posição do skate: {isoX: 1421.980716511676, isoY: 1559.5663582558382}
App.tsx:2046 [SkateTransport] Atualizando posição do skate: {isoX: 1427.6751740223863, isoY: 1562.4135870111932}
App.tsx:2046 [SkateTransport] Atualizando posição do skate: {isoX: 1432.8244164339706, isoY: 1564.9882082169854}
App.tsx:2046 [SkateTransport] Atualizando posição do skate: {isoX: 1438.5045954605723, isoY: 1567.8282977302863}
App.tsx:2046 [SkateTransport] Atualizando posição do skate: {isoX: 1443.433238085619, isoY: 1570.2926190428097}
App.tsx:2046 [SkateTransport] Atualizando posição do skate: {isoX: 1448.746052019728, isoY: 1572.9490260098642}
App.tsx:2046 [SkateTransport] Atualizando posição do skate: {isoX: 1453.6397008850945, isoY: 1575.3958504425473}
App.tsx:2046 [SkateTransport] Atualizando posição do skate: {isoX: 1458.6289877880372, isoY: 1577.8904938940186}
App.tsx:2046 [SkateTransport] Atualizando posição do skate: {isoX: 1463.5310143755325, isoY: 1580.3415071877664}
App.tsx:2046 [SkateTransport] Atualizando posição do skate: {isoX: 1467.985316424339, isoY: 1582.5686582121698}
App.tsx:2046 [SkateTransport] Atualizando posição do skate: {isoX: 1472.53030126073, isoY: 1584.841150630365}
App.tsx:2046 [SkateTransport] Atualizando posição do skate: {isoX: 1477.0480837139476, isoY: 1587.1000418569738}
App.tsx:2046 [SkateTransport] Atualizando posição do skate: {isoX: 1481.534155370122, isoY: 1589.3430776850612}
App.tsx:2046 [SkateTransport] Atualizando posição do skate: {isoX: 1485.7579893232962, isoY: 1591.4549946616482}
App.tsx:2046 [SkateTransport] Atualizando posição do skate: {isoX: 1489.682950282828, isoY: 1593.4174751414141}
App.tsx:2046 [SkateTransport] Atualizando posição do skate: {isoX: 1493.7077138109735, isoY: 1595.4298569054868}
App.tsx:2046 [SkateTransport] Atualizando posição do skate: {isoX: 1497.7023598088736, isoY: 1597.4271799044368}
App.tsx:2046 [SkateTransport] Atualizando posição do skate: {isoX: 1501.5036042804566, isoY: 1599.3278021402284}
App.tsx:2046 [SkateTransport] Atualizando posição do skate: {isoX: 1505.2970548180635, isoY: 1601.224527409032}
App.tsx:2046 [SkateTransport] Atualizando posição do skate: {isoX: 1508.9044036143594, isoY: 1603.0282018071798}
App.tsx:2046 [SkateTransport] Atualizando posição do skate: {isoX: 1512.5018572592494, isoY: 1604.826928629625}
App.tsx:2046 [SkateTransport] Atualizando posição do skate: {isoX: 1515.8794989592218, isoY: 1606.515749479611}
App.tsx:2046 [SkateTransport] Atualizando posição do skate: {isoX: 1519.4462415092144, isoY: 1608.2991207546074}
App.tsx:2046 [SkateTransport] Atualizando posição do skate: {isoX: 1522.5038082202486, isoY: 1609.8279041101246}
App.tsx:2046 [SkateTransport] Atualizando posição do skate: {isoX: 1525.6889095467834, isoY: 1611.4204547733918}
App.tsx:2046 [SkateTransport] Atualizando posição do skate: {isoX: 1528.9484918024214, isoY: 1613.050245901211}
App.tsx:2046 [SkateTransport] Atualizando posição do skate: {isoX: 1531.790978389814, isoY: 1614.471489194907}
App.tsx:2046 [SkateTransport] Atualizando posição do skate: {isoX: 1534.7965940354227, isoY: 1615.9742970177115}
App.tsx:2046 [SkateTransport] Atualizando posição do skate: {isoX: 1537.6777023437987, isoY: 1617.4148511718995}
App.tsx:2046 [SkateTransport] Atualizando posição do skate: {isoX: 1540.2605858213426, isoY: 1618.7062929106714}
App.tsx:2046 [SkateTransport] Atualizando posição do skate: {isoX: 1543.0841592647005, isoY: 1620.1180796323504}
App.tsx:2046 [SkateTransport] Atualizando posição do skate: {isoX: 1545.6484825338146, isoY: 1621.4002412669074}
App.tsx:2046 [SkateTransport] Atualizando posição do skate: {isoX: 1548.1477355307495, isoY: 1622.649867765375}
App.tsx:2046 [SkateTransport] Atualizando posição do skate: {isoX: 1550.567510427285, isoY: 1623.8597552136425}
App.tsx:2046 [SkateTransport] Atualizando posição do skate: {isoX: 1552.7572357535182, isoY: 1624.9546178767591}
App.tsx:2046 [SkateTransport] Atualizando posição do skate: {isoX: 1555.1604284070686, isoY: 1626.1562142035345}
App.tsx:2046 [SkateTransport] Atualizando posição do skate: {isoX: 1557.3499235956276, isoY: 1627.250961797814}
App.tsx:2046 [SkateTransport] Atualizando posição do skate: {isoX: 1559.365422102047, isoY: 1628.2587110510235}
App.tsx:2046 [SkateTransport] Atualizando posição do skate: {isoX: 1561.4951388705863, isoY: 1629.3235694352934}
App.tsx:2046 [SkateTransport] Atualizando posição do skate: {isoX: 1563.3846858967, isoY: 1630.26834294835}
App.tsx:2046 [SkateTransport] Atualizando posição do skate: {isoX: 1565.25426593491, isoY: 1631.203132967455}
App.tsx:2046 [SkateTransport] Atualizando posição do skate: {isoX: 1567.1863347613023, isoY: 1632.1691673806513}
App.tsx:2046 [SkateTransport] Atualizando posição do skate: {isoX: 1568.8668599404818, isoY: 1633.009429970241}
App.tsx:2046 [SkateTransport] Atualizando posição do skate: {isoX: 1570.5967742466544, isoY: 1633.8743871233273}
App.tsx:2046 [SkateTransport] Atualizando posição do skate: {isoX: 1572.268483919217, isoY: 1634.7102419596085}
App.tsx:2046 [SkateTransport] Atualizando posição do skate: {isoX: 1573.7717705431533, isoY: 1635.4618852715766}
App.tsx:2046 [SkateTransport] Atualizando posição do skate: {isoX: 1575.332302613471, isoY: 1636.2421513067356}
App.tsx:2046 [SkateTransport] Atualizando posição do skate: {isoX: 1576.77605418433, isoY: 1636.964027092165}
App.tsx:2046 [SkateTransport] Atualizando posição do skate: {isoX: 1578.151445478231, isoY: 1637.6517227391155}
App.tsx:2046 [SkateTransport] Atualizando posição do skate: {isoX: 1579.4840837017455, isoY: 1638.3180418508728}
App.tsx:2046 [SkateTransport] Atualizando posição do skate: {isoX: 1580.7435133966412, isoY: 1638.9477566983207}
App.tsx:2046 [SkateTransport] Atualizando posição do skate: {isoX: 1581.9046584536009, isoY: 1639.5283292268005}
App.tsx:2046 [SkateTransport] Atualizando posição do skate: {isoX: 1583.0693706577288, isoY: 1640.1106853288645}
App.tsx:2046 [SkateTransport] Atualizando posição do skate: {isoX: 1584.160196433778, isoY: 1640.6560982168892}
App.tsx:2046 [SkateTransport] Atualizando posição do skate: {isoX: 1585.1935111151167, isoY: 1641.1727555575585}
App.tsx:2046 [SkateTransport] Atualizando posição do skate: {isoX: 1586.1948417083158, isoY: 1641.673420854158}
App.tsx:2046 [SkateTransport] Atualizando posição do skate: {isoX: 1587.1959700228597, isoY: 1642.17398501143}
App.tsx:2046 [SkateTransport] Atualizando posição do skate: {isoX: 1588.038050238905, isoY: 1642.5950251194527}
App.tsx:2046 [SkateTransport] Atualizando posição do skate: {isoX: 1588.9035456215151, isoY: 1643.0277728107576}
App.tsx:2046 [SkateTransport] Atualizando posição do skate: {isoX: 1589.7499031167663, isoY: 1643.4509515583832}
App.tsx:2046 [SkateTransport] Atualizando posição do skate: {isoX: 1590.4761176234763, isoY: 1643.8140588117383}
App.tsx:2046 [SkateTransport] Atualizando posição do skate: {isoX: 1591.2255399090889, isoY: 1644.1887699545446}
App.tsx:2046 [SkateTransport] Atualizando posição do skate: {isoX: 1591.9015965178717, isoY: 1644.526798258936}
App.tsx:2046 [SkateTransport] Atualizando posição do skate: {isoX: 1592.5255726584319, isoY: 1644.838786329216}
App.tsx:2046 [SkateTransport] Atualizando posição do skate: {isoX: 1593.1042830725191, isoY: 1645.1281415362596}
App.tsx:2046 [SkateTransport] Atualizando posição do skate: {isoX: 1593.6564565891886, isoY: 1645.4042282945943}
App.tsx:2046 [SkateTransport] Atualizando posição do skate: {isoX: 1594.2053903957712, isoY: 1645.6786951978856}
App.tsx:2046 [SkateTransport] Atualizando posição do skate: {isoX: 1594.6893649244305, isoY: 1645.9206824622154}
App.tsx:2046 [SkateTransport] Atualizando posição do skate: {isoX: 1595.115370050172, isoY: 1646.1336850250862}
App.tsx:2046 [SkateTransport] Atualizando posição do skate: {isoX: 1595.552363067457, isoY: 1646.3521815337285}
App.tsx:2046 [SkateTransport] Atualizando posição do skate: {isoX: 1595.918846140287, isoY: 1646.5354230701437}
App.tsx:2046 [SkateTransport] Atualizando posição do skate: {isoX: 1596.275731689256, isoY: 1646.7138658446281}
App.tsx:2046 [SkateTransport] Atualizando posição do skate: {isoX: 1596.5952762592688, isoY: 1646.8736381296344}
App.tsx:2046 [SkateTransport] Atualizando posição do skate: {isoX: 1596.9078990732064, isoY: 1647.0299495366035}
App.tsx:2046 [SkateTransport] Atualizando posição do skate: {isoX: 1597.1753299942773, isoY: 1647.1636649971388}
App.tsx:2046 [SkateTransport] Atualizando posição do skate: {isoX: 1597.4188045081044, isoY: 1647.2854022540523}
App.tsx:2046 [SkateTransport] Atualizando posição do skate: {isoX: 1597.6354315094845, isoY: 1647.3937157547425}
App.tsx:2046 [SkateTransport] Atualizando posição do skate: {isoX: 1597.8228379095099, isoY: 1647.487418954755}
App.tsx:2046 [SkateTransport] Atualizando posição do skate: {isoX: 1597.9983465354458, isoY: 1647.5751732677231}
App.tsx:2046 [SkateTransport] Atualizando posição do skate: {isoX: 1598.1558712229757, isoY: 1647.6539356114881}
App.tsx:2046 [SkateTransport] Atualizando posição do skate: {isoX: 1598.2881309547863, isoY: 1647.7200654773933}
App.tsx:2046 [SkateTransport] Atualizando posição do skate: {isoX: 1598.4116930117852, isoY: 1647.7818465058926}
App.tsx:2046 [SkateTransport] Atualizando posição do skate: {isoX: 1598.5079134854034, isoY: 1647.8299567427018}
App.tsx:2046 [SkateTransport] Atualizando posição do skate: {isoX: 1598.5932429061154, isoY: 1647.872621453058}
App.tsx:2046 [SkateTransport] Atualizando posição do skate: {isoX: 1598.6648008122497, isoY: 1647.908400406125}
App.tsx:2046 [SkateTransport] Atualizando posição do skate: {isoX: 1598.7227130967647, isoY: 1647.9373565483825}
App.tsx:2046 [SkateTransport] Atualizando posição do skate: {isoX: 1598.7694223897338, isoY: 1647.9607111948671}
App.tsx:2046 [SkateTransport] Atualizando posição do skate: {isoX: 1598.8048742749859, isoY: 1647.978437137493}
App.tsx:2046 [SkateTransport] Atualizando posição do skate: {isoX: 1598.8337665854237, isoY: 1647.9928832927121}
App.tsx:2046 [SkateTransport] Atualizando posição do skate: {isoX: 1598.8527610311453, isoY: 1648.002380515573}
App.tsx:2046 [SkateTransport] Atualizando posição do skate: {isoX: 1598.865803120611, isoY: 1648.0089015603057}
App.tsx:2046 [SkateTransport] Atualizando posição do skate: {isoX: 1598.873867811373, isoY: 1648.0129339056866}
App.tsx:2046 [SkateTransport] Atualizando posição do skate: {isoX: 1598.878209592454, isoY: 1648.0151047962272}
 [SkateTransport] Atualizando posição do skate: {isoX: 1598.8797820882492, isoY: 1648.0158910441246}
 [SkateTransport] Atualizando posição do skate: {isoX: 1598.8799999996322, isoY: 1648.0159999998164}
 [SkateTransport] Atualizando posição do skate: {isoX: 1598.8799999999999, isoY: 1648.016}
 [SkateTransport] Etapa 4: Concluída - Skate retornou à origem
 [SkateTransport] Atualizando posição do skate: {isoX: 1598.8799999999999, isoY: 1648.016}
 [Player.teleportTo] De (36, 44) para (2, 44)
 [Player.teleportTo] Posição atualizada: (2, 44), Direção: up
 [SkateTransport] Transporte concluído com sucesso, avançando para notícia
 [SkateTransport] Atualizando posição do skate: null
 [Player.setDirection] Mudando direção de up para up na posição (2, 44)
 Registrando função getTileScreenPosition
 Função de obtenção de posição do tile registrada
 🎮 [GameStart] Estado atual: {pendingSelectedCharacters: null, isLoading: false, error: null, progress: 0, playerPosition: {…}}
 ⏭️ [GameStart] Sem personagens pendentes, pulando...
 🏁 Aplicando centralização inicial...
 📍 Centralizando em jogador single player: {x: 2, y: 44}
 🔍 Escala detectada: 0.67822265625, Container: 1389x874
useCameraControl.ts:122 🎥 Centralizando câmera no player:
useCameraControl.ts:123   📍 Player: (63.975999999999885, 843.936)
useCameraControl.ts:124   🌍 World Center: (2077.6, 953.8720000000001)
useCameraControl.ts:125   📏 Container: 1389x874
useCameraControl.ts:126   🔍 Scale: 0.67822265625
useCameraControl.ts:127   ➡️ Target Offset: (1365.68541796875, 74.56108593750002)
useCameraControl.ts:128   📐 Clamped Offset: (347.25, 74.56108593750002)
useCameraControl.ts:129   🔒 Max Offset: (347.25, 218.1630859375)
App.tsx:1709 ✅ Centralização inicial aplicada
IsometricBoard.tsx:265 Registrando função getTileScreenPosition
App.tsx:1027 Função de obtenção de posição do tile registrada
App.tsx:931 🎮 [GameStart] Estado atual: {pendingSelectedCharacters: null, isLoading: false, error: null, progress: 0, playerPosition: {…}}
App.tsx:940 ⏭️ [GameStart] Sem personagens pendentes, pulando...
App.tsx:1671 🏁 Aplicando centralização inicial...
App.tsx:1683 📍 Centralizando em jogador single player: {x: 2, y: 44}
useCameraControl.ts:82 🔍 Escala detectada: 0.67822265625, Container: 1389x874
useCameraControl.ts:122 🎥 Centralizando câmera no player:
useCameraControl.ts:123   📍 Player: (63.975999999999885, 843.936)
useCameraControl.ts:124   🌍 World Center: (2077.6, 953.8720000000001)
useCameraControl.ts:125   📏 Container: 1389x874
useCameraControl.ts:126   🔍 Scale: 0.67822265625
useCameraControl.ts:127   ➡️ Target Offset: (1365.68541796875, 74.56108593750002)
useCameraControl.ts:128   📐 Clamped Offset: (347.25, 74.56108593750002)
useCameraControl.ts:129   🔒 Max Offset: (347.25, 218.1630859375)
App.tsx:1709 ✅ Centralização inicial aplicada
useCameraControl.ts:153 ✅ Centralização da câmera concluída
useCameraControl.ts:153 ✅ Centralização da câmera concluída
App.tsx:178 [FSM] Aguardando confirmação para próxima notícia --PROXIMA_NOTICIA--> Aguardando 1 segundo para a notícia
App.tsx:178 [FSM] Aguardando confirmação para próxima notícia --PROXIMA_NOTICIA--> Aguardando 1 segundo para a notícia
IsometricBoard.tsx:265 Registrando função getTileScreenPosition
App.tsx:1027 Função de obtenção de posição do tile registrada
App.tsx:2451 [FSM] Entrou em AguardandoNoticia1, aguardando 1s para mostrar notícia
App.tsx:586 IDs no histórico: (4) [303, 309, 337, 313]
App.tsx:590 Notícias disponíveis (fora do histórico): 130
App.tsx:611 [HitsTracker] 📰 Notícia adicionada ao histórico. newsHistory.length: 4 → 5
App.tsx:611 [HitsTracker] 📰 Notícia adicionada ao histórico. newsHistory.length: 4 → 5
App.tsx:442 [HitsTracker] 🔄 Sincronizado newsHistoryLengthRef.current = 5
App.tsx:2451 [FSM] Entrou em AguardandoNoticia1, aguardando 1s para mostrar notícia
App.tsx:919 🐵 Macacos atualizados após 24 segundos
App.tsx:178 [FSM] Aguardando 1 segundo para a notícia --NEWS_TIMEOUT--> Aguardando avaliação de notícia
App.tsx:178 [FSM] Aguardando 1 segundo para a notícia --NEWS_TIMEOUT--> Aguardando avaliação de notícia
IsometricBoard.tsx:265 Registrando função getTileScreenPosition
App.tsx:1027 Função de obtenção de posição do tile registrada
App.tsx:2461 [FSM] Entrou em AvaliacaoNoticia, habilitando avaliação
App.tsx:178 [FSM] Aguardando avaliação de notícia --AVALIACAO_INCORRETA--> Aguardando fechar explicação
App.tsx:178 [FSM] Aguardando avaliação de notícia --AVALIACAO_INCORRETA--> Aguardando fechar explicação
IsometricBoard.tsx:265 Registrando função getTileScreenPosition
App.tsx:1027 Função de obtenção de posição do tile registrada
App.tsx:2481 [FSM] Entrou em FecharExplicacao, aguardando usuário fechar explicação
App.tsx:693 Explicação: Se a notícia não tem um título que grita demais, usa fontes confiáveis e aparece em vários lugares verdadeiros, aí é sinal que é real e não invenção.
App.tsx:548 🔍 [App] 🔍 Fala proposta da notícia: Se a notícia não tem um título que grita demais, usa fontes confiáveis e aparece em vários lugares verdadeiros, aí é sinal que é real e não invenção.
App.tsx:478 Narrando texto: Sua avaliação está incorreta. Se a notícia não tem um título que grita demais, usa fontes confiáveis e aparece em vários lugares verdadeiros, aí é sinal que é real e não invenção.
speechService.ts:163 🔍 [SpeechService] 🔍 Voz selecionada: Fernanda (Aprimorada)
speechService.ts:164 🔍 [SpeechService] 🔍 Texto a ser narrado: Sua avaliação está incorreta. Se a notícia não tem um título que grita demais, usa fontes confiáveis e aparece em vários lugares verdadeiros, aí é sinal que é real e não invenção.
speechService.ts:165 🔍 [SpeechService] 🔍 Pitch: 1.2000000476837158
speechService.ts:166 🔍 [SpeechService] 🔍 Rate: 1.5
speechService.ts:167 🔍 [SpeechService] 🔍 Volume: 1
speechService.ts:168 🔍 [SpeechService] 🔍 Lang: pt-BR
speechService.ts:169 🔍 [SpeechService] 🔍 vozes: (202) [SpeechSynthesisVoice, SpeechSynthesisVoice, SpeechSynthesisVoice, SpeechSynthesisVoice, SpeechSynthesisVoice, SpeechSynthesisVoice, SpeechSynthesisVoice, SpeechSynthesisVoice, SpeechSynthesisVoice, SpeechSynthesisVoice, SpeechSynthesisVoice, SpeechSynthesisVoice, SpeechSynthesisVoice, SpeechSynthesisVoice, SpeechSynthesisVoice, SpeechSynthesisVoice, SpeechSynthesisVoice, SpeechSynthesisVoice, SpeechSynthesisVoice, SpeechSynthesisVoice, SpeechSynthesisVoice, SpeechSynthesisVoice, SpeechSynthesisVoice, SpeechSynthesisVoice, SpeechSynthesisVoice, SpeechSynthesisVoice, SpeechSynthesisVoice, SpeechSynthesisVoice, SpeechSynthesisVoice, SpeechSynthesisVoice, SpeechSynthesisVoice, SpeechSynthesisVoice, SpeechSynthesisVoice, SpeechSynthesisVoice, SpeechSynthesisVoice, SpeechSynthesisVoice, SpeechSynthesisVoice, SpeechSynthesisVoice, SpeechSynthesisVoice, SpeechSynthesisVoice, SpeechSynthesisVoice, SpeechSynthesisVoice, SpeechSynthesisVoice, SpeechSynthesisVoice, SpeechSynthesisVoice, SpeechSynthesisVoice, SpeechSynthesisVoice, SpeechSynthesisVoice, SpeechSynthesisVoice, SpeechSynthesisVoice, SpeechSynthesisVoice, SpeechSynthesisVoice, SpeechSynthesisVoice, SpeechSynthesisVoice, SpeechSynthesisVoice, SpeechSynthesisVoice, SpeechSynthesisVoice, SpeechSynthesisVoice, SpeechSynthesisVoice, SpeechSynthesisVoice, SpeechSynthesisVoice, SpeechSynthesisVoice, SpeechSynthesisVoice, SpeechSynthesisVoice, SpeechSynthesisVoice, SpeechSynthesisVoice, SpeechSynthesisVoice, SpeechSynthesisVoice, SpeechSynthesisVoice, SpeechSynthesisVoice, SpeechSynthesisVoice, SpeechSynthesisVoice, SpeechSynthesisVoice, SpeechSynthesisVoice, SpeechSynthesisVoice, SpeechSynthesisVoice, SpeechSynthesisVoice, SpeechSynthesisVoice, SpeechSynthesisVoice, SpeechSynthesisVoice, SpeechSynthesisVoice, SpeechSynthesisVoice, SpeechSynthesisVoice, SpeechSynthesisVoice, SpeechSynthesisVoice, SpeechSynthesisVoice, SpeechSynthesisVoice, SpeechSynthesisVoice, SpeechSynthesisVoice, SpeechSynthesisVoice, SpeechSynthesisVoice, SpeechSynthesisVoice, SpeechSynthesisVoice, SpeechSynthesisVoice, SpeechSynthesisVoice, SpeechSynthesisVoice, SpeechSynthesisVoice, SpeechSynthesisVoice, SpeechSynthesisVoice, SpeechSynthesisVoice, …]
App.tsx:931 🎮 [GameStart] Estado atual: {pendingSelectedCharacters: null, isLoading: false, error: null, progress: 0, playerPosition: {…}}
App.tsx:940 ⏭️ [GameStart] Sem personagens pendentes, pulando...
App.tsx:1671 🏁 Aplicando centralização inicial...
App.tsx:1683 📍 Centralizando em jogador single player: {x: 2, y: 44}
useCameraControl.ts:82 🔍 Escala detectada: 0.67822265625, Container: 1389x874
useCameraControl.ts:122 🎥 Centralizando câmera no player:
useCameraControl.ts:123   📍 Player: (63.975999999999885, 843.936)
useCameraControl.ts:124   🌍 World Center: (2077.6, 953.8720000000001)
useCameraControl.ts:125   📏 Container: 1389x874
useCameraControl.ts:126   🔍 Scale: 0.67822265625
useCameraControl.ts:127   ➡️ Target Offset: (1365.68541796875, 74.56108593750002)
useCameraControl.ts:128   📐 Clamped Offset: (347.25, 74.56108593750002)
useCameraControl.ts:129   🔒 Max Offset: (347.25, 218.1630859375)
App.tsx:1709 ✅ Centralização inicial aplicada
App.tsx:2481 [FSM] Entrou em FecharExplicacao, aguardando usuário fechar explicação
useCameraControl.ts:153 ✅ Centralização da câmera concluída
installHook.js:1 Erro ao narrar o texto "Sua avaliação está incorreta. Se a notícia não tem um título que grita demais, usa fontes confiáveis e aparece em vários lugares verdadeiros, aí é sinal que é real e não invenção.": Error: interrupted
    at utterance.onerror (speechService.ts:157:1)
overrideMethod @ installHook.js:1
(anonymous) @ App.tsx:486
await in (anonymous)
(anonymous) @ App.tsx:552
(anonymous) @ App.tsx:752
(anonymous) @ App.tsx:1841
setTimeout
(anonymous) @ App.tsx:1840
onClick @ App.tsx:2618
processDispatchQueue @ react-dom-client.development.js:16122
(anonymous) @ react-dom-client.development.js:16725
batchedUpdates$1 @ react-dom-client.development.js:3129
dispatchEventForPluginEventSystem @ react-dom-client.development.js:16281
dispatchEvent @ react-dom-client.development.js:20352
dispatchDiscreteEvent @ react-dom-client.development.js:20320
App.tsx:178 [FSM] Aguardando fechar explicação --FECHAR_EXPLICACAO--> Aguardando confirmação para próxima notícia
App.tsx:178 [FSM] Aguardando fechar explicação --FECHAR_EXPLICACAO--> Aguardando confirmação para próxima notícia
IsometricBoard.tsx:265 Registrando função getTileScreenPosition
App.tsx:1027 Função de obtenção de posição do tile registrada
App.tsx:2466 [FSM] Entrou em AguardandoProximaNoticia, aguardando botão para seguir
App.tsx:178 [FSM] Aguardando confirmação para próxima notícia --PROXIMA_NOTICIA--> Aguardando 1 segundo para a notícia
App.tsx:178 [FSM] Aguardando confirmação para próxima notícia --PROXIMA_NOTICIA--> Aguardando 1 segundo para a notícia
IsometricBoard.tsx:265 Registrando função getTileScreenPosition
App.tsx:1027 Função de obtenção de posição do tile registrada
App.tsx:2451 [FSM] Entrou em AguardandoNoticia1, aguardando 1s para mostrar notícia
App.tsx:586 IDs no histórico: (5) [306, 303, 309, 337, 313]
App.tsx:590 Notícias disponíveis (fora do histórico): 129
App.tsx:611 [HitsTracker] 📰 Notícia adicionada ao histórico. newsHistory.length: 5 → 6
App.tsx:611 [HitsTracker] 📰 Notícia adicionada ao histórico. newsHistory.length: 5 → 6
App.tsx:442 [HitsTracker] 🔄 Sincronizado newsHistoryLengthRef.current = 6
App.tsx:2451 [FSM] Entrou em AguardandoNoticia1, aguardando 1s para mostrar notícia
App.tsx:178 [FSM] Aguardando 1 segundo para a notícia --NEWS_TIMEOUT--> Aguardando avaliação de notícia
App.tsx:178 [FSM] Aguardando 1 segundo para a notícia --NEWS_TIMEOUT--> Aguardando avaliação de notícia
IsometricBoard.tsx:265 Registrando função getTileScreenPosition
App.tsx:1027 Função de obtenção de posição do tile registrada
App.tsx:2461 [FSM] Entrou em AvaliacaoNoticia, habilitando avaliação
App.tsx:919 🐵 Macacos atualizados após 24 segundos
App.tsx:478 Narrando texto: Parabêhiins!!!!!!!!!. Role o dado!
speechService.ts:163 🔍 [SpeechService] 🔍 Voz selecionada: Fernanda (Aprimorada)
speechService.ts:164 🔍 [SpeechService] 🔍 Texto a ser narrado: Parabêhiins!!!!!!!!!. Role o dado!
speechService.ts:165 🔍 [SpeechService] 🔍 Pitch: 1.2000000476837158
speechService.ts:166 🔍 [SpeechService] 🔍 Rate: 1.5
speechService.ts:167 🔍 [SpeechService] 🔍 Volume: 1
speechService.ts:168 🔍 [SpeechService] 🔍 Lang: pt-BR
speechService.ts:169 🔍 [SpeechService] 🔍 vozes: (202) [SpeechSynthesisVoice, SpeechSynthesisVoice, SpeechSynthesisVoice, SpeechSynthesisVoice, SpeechSynthesisVoice, SpeechSynthesisVoice, SpeechSynthesisVoice, SpeechSynthesisVoice, SpeechSynthesisVoice, SpeechSynthesisVoice, SpeechSynthesisVoice, SpeechSynthesisVoice, SpeechSynthesisVoice, SpeechSynthesisVoice, SpeechSynthesisVoice, SpeechSynthesisVoice, SpeechSynthesisVoice, SpeechSynthesisVoice, SpeechSynthesisVoice, SpeechSynthesisVoice, SpeechSynthesisVoice, SpeechSynthesisVoice, SpeechSynthesisVoice, SpeechSynthesisVoice, SpeechSynthesisVoice, SpeechSynthesisVoice, SpeechSynthesisVoice, SpeechSynthesisVoice, SpeechSynthesisVoice, SpeechSynthesisVoice, SpeechSynthesisVoice, SpeechSynthesisVoice, SpeechSynthesisVoice, SpeechSynthesisVoice, SpeechSynthesisVoice, SpeechSynthesisVoice, SpeechSynthesisVoice, SpeechSynthesisVoice, SpeechSynthesisVoice, SpeechSynthesisVoice, SpeechSynthesisVoice, SpeechSynthesisVoice, SpeechSynthesisVoice, SpeechSynthesisVoice, SpeechSynthesisVoice, SpeechSynthesisVoice, SpeechSynthesisVoice, SpeechSynthesisVoice, SpeechSynthesisVoice, SpeechSynthesisVoice, SpeechSynthesisVoice, SpeechSynthesisVoice, SpeechSynthesisVoice, SpeechSynthesisVoice, SpeechSynthesisVoice, SpeechSynthesisVoice, SpeechSynthesisVoice, SpeechSynthesisVoice, SpeechSynthesisVoice, SpeechSynthesisVoice, SpeechSynthesisVoice, SpeechSynthesisVoice, SpeechSynthesisVoice, SpeechSynthesisVoice, SpeechSynthesisVoice, SpeechSynthesisVoice, SpeechSynthesisVoice, SpeechSynthesisVoice, SpeechSynthesisVoice, SpeechSynthesisVoice, SpeechSynthesisVoice, SpeechSynthesisVoice, SpeechSynthesisVoice, SpeechSynthesisVoice, SpeechSynthesisVoice, SpeechSynthesisVoice, SpeechSynthesisVoice, SpeechSynthesisVoice, SpeechSynthesisVoice, SpeechSynthesisVoice, SpeechSynthesisVoice, SpeechSynthesisVoice, SpeechSynthesisVoice, SpeechSynthesisVoice, SpeechSynthesisVoice, SpeechSynthesisVoice, SpeechSynthesisVoice, SpeechSynthesisVoice, SpeechSynthesisVoice, SpeechSynthesisVoice, SpeechSynthesisVoice, SpeechSynthesisVoice, SpeechSynthesisVoice, SpeechSynthesisVoice, SpeechSynthesisVoice, SpeechSynthesisVoice, SpeechSynthesisVoice, SpeechSynthesisVoice, SpeechSynthesisVoice, SpeechSynthesisVoice, …]
App.tsx:1821 [HitsTracker] ✅ Acerto registrado! hits: 4 → 5, newsHistory.length: 6
App.tsx:1821 [HitsTracker] ✅ Acerto registrado! hits: 4 → 5, newsHistory.length: 6
App.tsx:178 [FSM] Aguardando avaliação de notícia --AVALIACAO_CORRETA--> Aguardando lançamento do dado
App.tsx:178 [FSM] Aguardando avaliação de notícia --AVALIACAO_CORRETA--> Aguardando lançamento do dado
IsometricBoard.tsx:265 Registrando função getTileScreenPosition
App.tsx:1027 Função de obtenção de posição do tile registrada
App.tsx:437 [HitsTracker] 🔄 Sincronizado hitsRef.current = 5
App.tsx:2485 [FSM] Entrou em LancamentoDado, habilitando dado
App.tsx:178 [FSM] Aguardando lançamento do dado --DADO_CLICADO--> Aguardando final da animação do Dado
App.tsx:178 [FSM] Aguardando lançamento do dado --DADO_CLICADO--> Aguardando final da animação do Dado
IsometricBoard.tsx:265 Registrando função getTileScreenPosition
App.tsx:1027 Função de obtenção de posição do tile registrada
App.tsx:2489 [FSM] Entrou em AnimacaoDado, aguardando término da animação do dado
App.tsx:1922 🎲 Dado rolado: 4, Movimentos acelerados: 16 (4 × 4)
App.tsx:178 [FSM] Aguardando final da animação do Dado --DADO_ANIMACAO_FIM--> Aguardando 1 segundo para caminhada
App.tsx:178 [FSM] Aguardando final da animação do Dado --DADO_ANIMACAO_FIM--> Aguardando 1 segundo para caminhada
IsometricBoard.tsx:265 Registrando função getTileScreenPosition
App.tsx:1027 Função de obtenção de posição do tile registrada
App.tsx:2493 [FSM] Entrou em AguardandoCaminhada, aguardando 1s para iniciar caminhada
App.tsx:1828 🎉 [TiabelAnimation] Animação da tiabel concluída!
App.tsx:178 [FSM] Aguardando 1 segundo para caminhada --CAMINHADA_TIMEOUT--> Aguardando final da animação do Player (caminhada)
App.tsx:178 [FSM] Aguardando 1 segundo para caminhada --CAMINHADA_TIMEOUT--> Aguardando final da animação do Player (caminhada)
IsometricBoard.tsx:265 Registrando função getTileScreenPosition
App.tsx:1027 Função de obtenção de posição do tile registrada
App.tsx:2497 [FSM] Entrou em AnimacaoCaminhada, aguardando final da caminhada
App.tsx:1096 Verificando movimento de (2,44) para (2,43)
App.tsx:1097 Distância: 1, Movimentos restantes: 16
App.tsx:1125 Movimento válido!
App.tsx:1096 Verificando movimento de (2,44) para (2,43)
App.tsx:1097 Distância: 1, Movimentos restantes: 16
App.tsx:1125 Movimento válido!
Player.ts:191 =========> [determineDirection] Posição atual: (2, 44)
Player.ts:192 =========> [determineDirection] Posição alvo: (2, 43)
Player.ts:193 =========> [determineDirection] Delta: dx=0, dy=-1
Player.ts:194 =========> [determineDirection] Direção anterior: up
Player.ts:336 🔍 🎬 👟 Iniciando movimento de (2,44) para (2,43)
 🔍 🎬 👟 Movimento suave completo para tile (2,43). Movimentos restantes: 15
 Verificando movimento de (2,43) para (2,42)
 Distância: 1, Movimentos restantes: 15
App.tsx:1125 Movimento válido!
App.tsx:1096 Verificando movimento de (2,43) para (2,42)
App.tsx:1097 Distância: 1, Movimentos restantes: 15
App.tsx:1125 Movimento válido!
Player.ts:191 =========> [determineDirection] Posição atual: (2, 43)
Player.ts:192 =========> [determineDirection] Posição alvo: (2, 42)
Player.ts:193 =========> [determineDirection] Delta: dx=0, dy=-1
Player.ts:194 =========> [determineDirection] Direção anterior: up
Player.ts:336 🔍 🎬 👟 Iniciando movimento de (2,43) para (2,42)
IsometricBoard.tsx:265 Registrando função getTileScreenPosition
App.tsx:1027 Função de obtenção de posição do tile registrada
App.tsx:931 🎮 [GameStart] Estado atual: {pendingSelectedCharacters: null, isLoading: false, error: null, progress: 0, playerPosition: {…}}
App.tsx:940 ⏭️ [GameStart] Sem personagens pendentes, pulando...
App.tsx:1671 🏁 Aplicando centralização inicial...
App.tsx:1683 📍 Centralizando em jogador single player: {x: 2, y: 43}
useCameraControl.ts:82 🔍 Escala detectada: 0.67822265625, Container: 1389x874
useCameraControl.ts:122 🎥 Centralizando câmera no player:
useCameraControl.ts:123   📍 Player: (111.84799999999996, 819.9999999999999)
useCameraControl.ts:124   🌍 World Center: (2077.6, 953.8720000000001)
useCameraControl.ts:125   📏 Container: 1389x874
useCameraControl.ts:126   🔍 Scale: 0.67822265625
useCameraControl.ts:127   ➡️ Target Offset: (1333.21754296875, 90.79502343750012)
useCameraControl.ts:128   📐 Clamped Offset: (347.25, 90.79502343750012)
useCameraControl.ts:129   🔒 Max Offset: (347.25, 218.1630859375)
App.tsx:1709 ✅ Centralização inicial aplicada
 🔍 🎬 👟 Movimento suave completo para tile (2,42). Movimentos restantes: 14
 Verificando movimento de (2,42) para (2,41)
 Distância: 1, Movimentos restantes: 14
 Movimento válido!
 Verificando movimento de (2,42) para (2,41)
 Distância: 1, Movimentos restantes: 14
 Movimento válido!
 =========> [determineDirection] Posição atual: (2, 42)
 =========> [determineDirection] Posição alvo: (2, 41)
 =========> [determineDirection] Delta: dx=0, dy=-1
 =========> [determineDirection] Direção anterior: up
 🔍 🎬 👟 Iniciando movimento de (2,42) para (2,41)
 Registrando função getTileScreenPosition
 Função de obtenção de posição do tile registrada
 🎮 [GameStart] Estado atual: {pendingSelectedCharacters: null, isLoading: false, error: null, progress: 0, playerPosition: {…}}
 ⏭️ [GameStart] Sem personagens pendentes, pulando...
 🏁 Aplicando centralização inicial...
 📍 Centralizando em jogador single player: {x: 2, y: 42}
 🔍 Escala detectada: 0.67822265625, Container: 1389x874
 🎥 Centralizando câmera no player:
   📍 Player: (159.7199999999998, 796.064)
   🌍 World Center: (2077.6, 953.8720000000001)
   📏 Container: 1389x874
   🔍 Scale: 0.67822265625
   ➡️ Target Offset: (1300.7496679687501, 107.02896093750007)
   📐 Clamped Offset: (347.25, 107.02896093750007)
   🔒 Max Offset: (347.25, 218.1630859375)
 ✅ Centralização inicial aplicada
 🔍 🎬 👟 Movimento suave completo para tile (2,41). Movimentos restantes: 13
 Verificando movimento de (2,41) para (2,40)
 Distância: 1, Movimentos restantes: 13
App.tsx:1125 Movimento válido!
App.tsx:1096 Verificando movimento de (2,41) para (2,40)
App.tsx:1097 Distância: 1, Movimentos restantes: 13
App.tsx:1125 Movimento válido!
Player.ts:191 =========> [determineDirection] Posição atual: (2, 41)
Player.ts:192 =========> [determineDirection] Posição alvo: (2, 40)
Player.ts:193 =========> [determineDirection] Delta: dx=0, dy=-1
Player.ts:194 =========> [determineDirection] Direção anterior: up
Player.ts:336 🔍 🎬 👟 Iniciando movimento de (2,41) para (2,40)
IsometricBoard.tsx:265 Registrando função getTileScreenPosition
App.tsx:1027 Função de obtenção de posição do tile registrada
App.tsx:931 🎮 [GameStart] Estado atual: {pendingSelectedCharacters: null, isLoading: false, error: null, progress: 0, playerPosition: {…}}
App.tsx:940 ⏭️ [GameStart] Sem personagens pendentes, pulando...
App.tsx:1671 🏁 Aplicando centralização inicial...
App.tsx:1683 📍 Centralizando em jogador single player: {x: 2, y: 41}
useCameraControl.ts:82 🔍 Escala detectada: 0.67822265625, Container: 1389x874
useCameraControl.ts:122 🎥 Centralizando câmera no player:
useCameraControl.ts:123   📍 Player: (207.59199999999987, 772.128)
useCameraControl.ts:124   🌍 World Center: (2077.6, 953.8720000000001)
useCameraControl.ts:125   📏 Container: 1389x874
useCameraControl.ts:126   🔍 Scale: 0.67822265625
useCameraControl.ts:127   ➡️ Target Offset: (1268.28179296875, 123.26289843750001)
useCameraControl.ts:128   📐 Clamped Offset: (347.25, 123.26289843750001)
useCameraControl.ts:129   🔒 Max Offset: (347.25, 218.1630859375)
App.tsx:1709 ✅ Centralização inicial aplicada
Player.ts:411 🔍 🎬 👟 Movimento suave completo para tile (2,40). Movimentos restantes: 12
App.tsx:1096 Verificando movimento de (2,40) para (2,39)
App.tsx:1097 Distância: 1, Movimentos restantes: 12
App.tsx:1125 Movimento válido!
App.tsx:1096 Verificando movimento de (2,40) para (2,39)
App.tsx:1097 Distância: 1, Movimentos restantes: 12
App.tsx:1125 Movimento válido!
Player.ts:191 =========> [determineDirection] Posição atual: (2, 40)
Player.ts:192 =========> [determineDirection] Posição alvo: (2, 39)
Player.ts:193 =========> [determineDirection] Delta: dx=0, dy=-1
Player.ts:194 =========> [determineDirection] Direção anterior: up
Player.ts:336 🔍 🎬 👟 Iniciando movimento de (2,40) para (2,39)
 Registrando função getTileScreenPosition
 Função de obtenção de posição do tile registrada
 🎮 [GameStart] Estado atual: {pendingSelectedCharacters: null, isLoading: false, error: null, progress: 0, playerPosition: {…}}
 ⏭️ [GameStart] Sem personagens pendentes, pulando...
 🏁 Aplicando centralização inicial...
 📍 Centralizando em jogador single player: {x: 2, y: 40}
 🔍 Escala detectada: 0.67822265625, Container: 1389x874
 🎥 Centralizando câmera no player:
   📍 Player: (255.46399999999994, 748.192)
   🌍 World Center: (2077.6, 953.8720000000001)
   📏 Container: 1389x874
   🔍 Scale: 0.67822265625
   ➡️ Target Offset: (1235.81391796875, 139.49683593750004)
   📐 Clamped Offset: (347.25, 139.49683593750004)
   🔒 Max Offset: (347.25, 218.1630859375)
 ✅ Centralização inicial aplicada
 🔍 🎬 👟 Movimento suave completo para tile (2,39). Movimentos restantes: 11
 Verificando movimento de (2,39) para (2,38)
 Distância: 1, Movimentos restantes: 11
App.tsx:1125 Movimento válido!
App.tsx:1096 Verificando movimento de (2,39) para (2,38)
App.tsx:1097 Distância: 1, Movimentos restantes: 11
App.tsx:1125 Movimento válido!
Player.ts:191 =========> [determineDirection] Posição atual: (2, 39)
Player.ts:192 =========> [determineDirection] Posição alvo: (2, 38)
Player.ts:193 =========> [determineDirection] Delta: dx=0, dy=-1
Player.ts:194 =========> [determineDirection] Direção anterior: up
Player.ts:336 🔍 🎬 👟 Iniciando movimento de (2,39) para (2,38)
IsometricBoard.tsx:265 Registrando função getTileScreenPosition
App.tsx:1027 Função de obtenção de posição do tile registrada
App.tsx:931 🎮 [GameStart] Estado atual: {pendingSelectedCharacters: null, isLoading: false, error: null, progress: 0, playerPosition: {…}}
App.tsx:940 ⏭️ [GameStart] Sem personagens pendentes, pulando...
App.tsx:1671 🏁 Aplicando centralização inicial...
App.tsx:1683 📍 Centralizando em jogador single player: {x: 2, y: 39}
useCameraControl.ts:82 🔍 Escala detectada: 0.67822265625, Container: 1389x874
useCameraControl.ts:122 🎥 Centralizando câmera no player:
useCameraControl.ts:123   📍 Player: (303.336, 724.256)
useCameraControl.ts:124   🌍 World Center: (2077.6, 953.8720000000001)
useCameraControl.ts:125   📏 Container: 1389x874
useCameraControl.ts:126   🔍 Scale: 0.67822265625
useCameraControl.ts:127   ➡️ Target Offset: (1203.34604296875, 155.73077343750006)
useCameraControl.ts:128   📐 Clamped Offset: (347.25, 155.73077343750006)
useCameraControl.ts:129   🔒 Max Offset: (347.25, 218.1630859375)
App.tsx:1709 ✅ Centralização inicial aplicada
 🔍 🎬 👟 Movimento suave completo para tile (2,38). Movimentos restantes: 10
 Verificando movimento de (2,38) para (2,37)
 Distância: 1, Movimentos restantes: 10
App.tsx:1125 Movimento válido!
App.tsx:1096 Verificando movimento de (2,38) para (2,37)
App.tsx:1097 Distância: 1, Movimentos restantes: 10
App.tsx:1125 Movimento válido!
Player.ts:191 =========> [determineDirection] Posição atual: (2, 38)
Player.ts:192 =========> [determineDirection] Posição alvo: (2, 37)
Player.ts:193 =========> [determineDirection] Delta: dx=0, dy=-1
Player.ts:194 =========> [determineDirection] Direção anterior: up
Player.ts:336 🔍 🎬 👟 Iniciando movimento de (2,38) para (2,37)
IsometricBoard.tsx:265 Registrando função getTileScreenPosition
App.tsx:1027 Função de obtenção de posição do tile registrada
App.tsx:931 🎮 [GameStart] Estado atual: {pendingSelectedCharacters: null, isLoading: false, error: null, progress: 0, playerPosition: {…}}
App.tsx:940 ⏭️ [GameStart] Sem personagens pendentes, pulando...
App.tsx:1671 🏁 Aplicando centralização inicial...
App.tsx:1683 📍 Centralizando em jogador single player: {x: 2, y: 38}
useCameraControl.ts:82 🔍 Escala detectada: 0.67822265625, Container: 1389x874
useCameraControl.ts:122 🎥 Centralizando câmera no player:
useCameraControl.ts:123   📍 Player: (351.20799999999986, 700.32)
useCameraControl.ts:124   🌍 World Center: (2077.6, 953.8720000000001)
useCameraControl.ts:125   📏 Container: 1389x874
useCameraControl.ts:126   🔍 Scale: 0.67822265625
useCameraControl.ts:127   ➡️ Target Offset: (1170.87816796875, 171.9647109375)
useCameraControl.ts:128   📐 Clamped Offset: (347.25, 171.9647109375)
useCameraControl.ts:129   🔒 Max Offset: (347.25, 218.1630859375)
App.tsx:1709 ✅ Centralização inicial aplicada
 🔍 🎬 👟 Movimento suave completo para tile (2,37). Movimentos restantes: 9
 Verificando movimento de (2,37) para (2,36)
 Distância: 1, Movimentos restantes: 9
 Movimento válido!
 Verificando movimento de (2,37) para (2,36)
 Distância: 1, Movimentos restantes: 9
 Movimento válido!
 =========> [determineDirection] Posição atual: (2, 37)
 =========> [determineDirection] Posição alvo: (2, 36)
 =========> [determineDirection] Delta: dx=0, dy=-1
 =========> [determineDirection] Direção anterior: up
 🔍 🎬 👟 Iniciando movimento de (2,37) para (2,36)
 Registrando função getTileScreenPosition
 Função de obtenção de posição do tile registrada
 🎮 [GameStart] Estado atual: {pendingSelectedCharacters: null, isLoading: false, error: null, progress: 0, playerPosition: {…}}
 ⏭️ [GameStart] Sem personagens pendentes, pulando...
 🏁 Aplicando centralização inicial...
 📍 Centralizando em jogador single player: {x: 2, y: 37}
 🔍 Escala detectada: 0.67822265625, Container: 1389x874
 🎥 Centralizando câmera no player:
   📍 Player: (399.0799999999999, 676.384)
   🌍 World Center: (2077.6, 953.8720000000001)
   📏 Container: 1389x874
   🔍 Scale: 0.67822265625
   ➡️ Target Offset: (1138.41029296875, 188.19864843750003)
   📐 Clamped Offset: (347.25, 188.19864843750003)
   🔒 Max Offset: (347.25, 218.1630859375)
 ✅ Centralização inicial aplicada
 [HitsTracker] 🎯 Verificando condições no tile 2,36 (Portal): hits=5, newsHistory.length=6
 [HitsTracker] 📊 Porcentagem calculada (Portal): 83%
 [PortalDetection] ⚠️ Tile 2,36 detectado com 83% de acertos (5/6)! Ativando Portal de Desmaterialização (castigo).
 [PortalTransport] ========== INICIANDO TRANSPORTE DO PORTAL ==========
 [PortalTransport] Player ID: single-player
 [PortalTransport] Posições calculadas: {trigger: {…}, triggerScreen: {…}, destination: {…}, destinationScreen: {…}}
App.tsx:2244 [PortalTransport] Etapa 0: Entrando no estado de transporte
App.tsx:2256 [PortalTransport] Zerando movesLeft do jogador
App.tsx:2329 [PortalTransport] Etapa 1: Iniciando desmaterialização (4000ms)
Player.ts:411 🔍 🎬 👟 Movimento suave completo para tile (2,36). Movimentos restantes: 0
Player.ts:446 Sem movimentos restantes
App.tsx:178 [FSM] Aguardando final da animação do Player (caminhada) --CAMINHADA_ANIMACAO_FIM--> Aguardando confirmação para próxima notícia
App.tsx:178 [FSM] Aguardando final da animação do Player (caminhada) --CAMINHADA_ANIMACAO_FIM--> Aguardando confirmação para próxima notícia
Player.tsx:109 [Player][portalAnimationState] single-player -> dematerializing -> 1770235308673
IsometricBoard.tsx:265 Registrando função getTileScreenPosition
App.tsx:1027 Função de obtenção de posição do tile registrada
App.tsx:931 🎮 [GameStart] Estado atual: {pendingSelectedCharacters: null, isLoading: false, error: null, progress: 0, playerPosition: {…}}
App.tsx:940 ⏭️ [GameStart] Sem personagens pendentes, pulando...
App.tsx:1671 🏁 Aplicando centralização inicial...
App.tsx:1683 📍 Centralizando em jogador single player: {x: 2, y: 36}
useCameraControl.ts:82 🔍 Escala detectada: 0.67822265625, Container: 1389x874
useCameraControl.ts:122 🎥 Centralizando câmera no player:
useCameraControl.ts:123   📍 Player: (446.952, 652.448)
useCameraControl.ts:124   🌍 World Center: (2077.6, 953.8720000000001)
useCameraControl.ts:125   📏 Container: 1389x874
useCameraControl.ts:126   🔍 Scale: 0.67822265625
useCameraControl.ts:127   ➡️ Target Offset: (1105.9424179687499, 204.43258593750005)
useCameraControl.ts:128   📐 Clamped Offset: (347.25, 204.43258593750005)
useCameraControl.ts:129   🔒 Max Offset: (347.25, 218.1630859375)
App.tsx:1709 ✅ Centralização inicial aplicada
App.tsx:2466 [FSM] Entrou em AguardandoProximaNoticia, aguardando botão para seguir
useCameraControl.ts:153 ✅ Centralização da câmera concluída
useCameraControl.ts:153 ✅ Centralização da câmera concluída
useCameraControl.ts:153 ✅ Centralização da câmera concluída
useCameraControl.ts:153 ✅ Centralização da câmera concluída
useCameraControl.ts:153 ✅ Centralização da câmera concluída
useCameraControl.ts:153 ✅ Centralização da câmera concluída
App.tsx:919 🐵 Macacos atualizados após 24 segundos
useCameraControl.ts:153 ✅ Centralização da câmera concluída
useCameraControl.ts:153 ✅ Centralização da câmera concluída
App.tsx:2335 [PortalTransport] Etapa 1: Concluída - Jogador desmaterializado
App.tsx:2338 [PortalTransport] Etapa 2: Teletransportando para destino
Player.ts:467 [Player.teleportTo] De (2, 36) para (9, 45)
Player.ts:471 [Player.teleportTo] Posição atualizada: (9, 45), Direção: up
App.tsx:2357 [PortalTransport] Etapa 2: Concluída - Jogador teletransportado
App.tsx:2360 [PortalTransport] Etapa 3: Iniciando rematerialização (4000ms)
App.tsx:2276 [PortalTransport] Mudando direção do jogador para: left
Player.ts:125 [Player.setDirection] Mudando direção de up para left na posição (9, 45)
Player.tsx:109 [Player][portalAnimationState] single-player -> rematerializing -> 1770235312670
IsometricBoard.tsx:265 Registrando função getTileScreenPosition
App.tsx:1027 Função de obtenção de posição do tile registrada
App.tsx:931 🎮 [GameStart] Estado atual: {pendingSelectedCharacters: null, isLoading: false, error: null, progress: 0, playerPosition: {…}}
App.tsx:940 ⏭️ [GameStart] Sem personagens pendentes, pulando...
App.tsx:1671 🏁 Aplicando centralização inicial...
App.tsx:1683 📍 Centralizando em jogador single player: {x: 9, y: 45}
useCameraControl.ts:82 🔍 Escala detectada: 0.67822265625, Container: 1389x874
useCameraControl.ts:122 🎥 Centralizando câmera no player:
useCameraControl.ts:123   📍 Player: (351.20799999999986, 1035.424)
useCameraControl.ts:124   🌍 World Center: (2077.6, 953.8720000000001)
useCameraControl.ts:125   📏 Container: 1389x874
useCameraControl.ts:126   🔍 Scale: 0.67822265625
useCameraControl.ts:127   ➡️ Target Offset: (1170.87816796875, -55.31041406249994)
useCameraControl.ts:128   📐 Clamped Offset: (347.25, -55.31041406249994)
useCameraControl.ts:129   🔒 Max Offset: (347.25, 218.1630859375)
App.tsx:1709 ✅ Centralização inicial aplicada
useCameraControl.ts:153 ✅ Centralização da câmera concluída
App.tsx:2366 [PortalTransport] Etapa 3: Concluída - Jogador rematerializado
App.tsx:2374 [PortalTransport] Transporte concluído com sucesso, avançando para próxima notícia
Player.ts:125 [Player.setDirection] Mudando direção de left para left na posição (9, 45)
Player.tsx:109 [Player][portalAnimationState] single-player -> none -> 1770235316657
 🔍 ORIENTAÇÃO DEBUG: Evento RESIZE detectado
 🔍 ORIENTAÇÃO DEBUG: === MÚLTIPLAS DETECÇÕES ===
 🔍 ORIENTAÇÃO DEBUG: Window: 1388 x 874
 🔍 ORIENTAÇÃO DEBUG: Screen: 1920 x 1080
 🔍 ORIENTAÇÃO DEBUG: VisualViewport: 1388 x 874
 🔍 ORIENTAÇÃO DEBUG: Document: 1388 x 874
 🔍 ORIENTAÇÃO DEBUG: ESCOLHIDO: 1388 x 874 | Portrait: false | Método: window.inner
 🔍 ORIENTAÇÃO DEBUG: Evento RESIZE detectado
 🔍 ORIENTAÇÃO DEBUG: === MÚLTIPLAS DETECÇÕES ===
 🔍 ORIENTAÇÃO DEBUG: Window: 1388 x 874
 🔍 ORIENTAÇÃO DEBUG: Screen: 1920 x 1080
 🔍 ORIENTAÇÃO DEBUG: VisualViewport: 1388 x 874
 🔍 ORIENTAÇÃO DEBUG: Document: 1388 x 874
 🔍 ORIENTAÇÃO DEBUG: ESCOLHIDO: 1388 x 874 | Portrait: false | Método: window.inner
 🔍 ORIENTAÇÃO DEBUG: Evento VISUALVIEWPORT CHANGE detectado
 🔍 ORIENTAÇÃO DEBUG: === MÚLTIPLAS DETECÇÕES ===
 🔍 ORIENTAÇÃO DEBUG: Window: 1388 x 874
 🔍 ORIENTAÇÃO DEBUG: Screen: 1920 x 1080
 🔍 ORIENTAÇÃO DEBUG: VisualViewport: 1388 x 874
 🔍 ORIENTAÇÃO DEBUG: Document: 1388 x 874
 🔍 ORIENTAÇÃO DEBUG: ESCOLHIDO: 1388 x 874 | Portrait: false | Método: window.inner
 🔍 ORIENTAÇÃO DEBUG: Evento VISUALVIEWPORT CHANGE detectado
 🔍 ORIENTAÇÃO DEBUG: === MÚLTIPLAS DETECÇÕES ===
 🔍 ORIENTAÇÃO DEBUG: Window: 1388 x 874
 🔍 ORIENTAÇÃO DEBUG: Screen: 1920 x 1080
 🔍 ORIENTAÇÃO DEBUG: VisualViewport: 1388 x 874
 🔍 ORIENTAÇÃO DEBUG: Document: 1388 x 874
 🔍 ORIENTAÇÃO DEBUG: ESCOLHIDO: 1388 x 874 | Portrait: false | Método: window.inner
useOrientationDetection.ts:69 🔍 ORIENTAÇÃO DEBUG: Evento RESIZE detectado
useOrientationDetection.ts:38 🔍 ORIENTAÇÃO DEBUG: === MÚLTIPLAS DETECÇÕES ===
useOrientationDetection.ts:39 🔍 ORIENTAÇÃO DEBUG: Window: 1384 x 874
useOrientationDetection.ts:40 🔍 ORIENTAÇÃO DEBUG: Screen: 1920 x 1080
useOrientationDetection.ts:41 🔍 ORIENTAÇÃO DEBUG: VisualViewport: 1384 x 874
useOrientationDetection.ts:42 🔍 ORIENTAÇÃO DEBUG: Document: 1384 x 874
useOrientationDetection.ts:53 🔍 ORIENTAÇÃO DEBUG: ESCOLHIDO: 1384 x 874 | Portrait: false | Método: window.inner
useOrientationDetection.ts:69 🔍 ORIENTAÇÃO DEBUG: Evento RESIZE detectado
useOrientationDetection.ts:38 🔍 ORIENTAÇÃO DEBUG: === MÚLTIPLAS DETECÇÕES ===
useOrientationDetection.ts:39 🔍 ORIENTAÇÃO DEBUG: Window: 1384 x 874
useOrientationDetection.ts:40 🔍 ORIENTAÇÃO DEBUG: Screen: 1920 x 1080
useOrientationDetection.ts:41 🔍 ORIENTAÇÃO DEBUG: VisualViewport: 1384 x 874
useOrientationDetection.ts:42 🔍 ORIENTAÇÃO DEBUG: Document: 1384 x 874
useOrientationDetection.ts:53 🔍 ORIENTAÇÃO DEBUG: ESCOLHIDO: 1384 x 874 | Portrait: false | Método: window.inner
useOrientationDetection.ts:80 🔍 ORIENTAÇÃO DEBUG: Evento VISUALVIEWPORT CHANGE detectado
useOrientationDetection.ts:38 🔍 ORIENTAÇÃO DEBUG: === MÚLTIPLAS DETECÇÕES ===
useOrientationDetection.ts:39 🔍 ORIENTAÇÃO DEBUG: Window: 1384 x 874
useOrientationDetection.ts:40 🔍 ORIENTAÇÃO DEBUG: Screen: 1920 x 1080
useOrientationDetection.ts:41 🔍 ORIENTAÇÃO DEBUG: VisualViewport: 1384 x 874
useOrientationDetection.ts:42 🔍 ORIENTAÇÃO DEBUG: Document: 1384 x 874
useOrientationDetection.ts:53 🔍 ORIENTAÇÃO DEBUG: ESCOLHIDO: 1384 x 874 | Portrait: false | Método: window.inner
useOrientationDetection.ts:80 🔍 ORIENTAÇÃO DEBUG: Evento VISUALVIEWPORT CHANGE detectado
useOrientationDetection.ts:38 🔍 ORIENTAÇÃO DEBUG: === MÚLTIPLAS DETECÇÕES ===
useOrientationDetection.ts:39 🔍 ORIENTAÇÃO DEBUG: Window: 1384 x 874
useOrientationDetection.ts:40 🔍 ORIENTAÇÃO DEBUG: Screen: 1920 x 1080
useOrientationDetection.ts:41 🔍 ORIENTAÇÃO DEBUG: VisualViewport: 1384 x 874
useOrientationDetection.ts:42 🔍 ORIENTAÇÃO DEBUG: Document: 1384 x 874
useOrientationDetection.ts:53 🔍 ORIENTAÇÃO DEBUG: ESCOLHIDO: 1384 x 874 | Portrait: false | Método: window.inner
 🔍 ORIENTAÇÃO DEBUG: Evento RESIZE detectado
 🔍 ORIENTAÇÃO DEBUG: === MÚLTIPLAS DETECÇÕES ===
 🔍 ORIENTAÇÃO DEBUG: Window: 1381 x 874
 🔍 ORIENTAÇÃO DEBUG: Screen: 1920 x 1080
 🔍 ORIENTAÇÃO DEBUG: VisualViewport: 1381 x 874
 🔍 ORIENTAÇÃO DEBUG: Document: 1381 x 874
 🔍 ORIENTAÇÃO DEBUG: ESCOLHIDO: 1381 x 874 | Portrait: false | Método: window.inner
 🔍 ORIENTAÇÃO DEBUG: Evento RESIZE detectado
 🔍 ORIENTAÇÃO DEBUG: === MÚLTIPLAS DETECÇÕES ===
 🔍 ORIENTAÇÃO DEBUG: Window: 1381 x 874
 🔍 ORIENTAÇÃO DEBUG: Screen: 1920 x 1080
 🔍 ORIENTAÇÃO DEBUG: VisualViewport: 1381 x 874
 🔍 ORIENTAÇÃO DEBUG: Document: 1381 x 874
 🔍 ORIENTAÇÃO DEBUG: ESCOLHIDO: 1381 x 874 | Portrait: false | Método: window.inner
 🔍 ORIENTAÇÃO DEBUG: Evento VISUALVIEWPORT CHANGE detectado
 🔍 ORIENTAÇÃO DEBUG: === MÚLTIPLAS DETECÇÕES ===
 🔍 ORIENTAÇÃO DEBUG: Window: 1381 x 874
 🔍 ORIENTAÇÃO DEBUG: Screen: 1920 x 1080
 🔍 ORIENTAÇÃO DEBUG: VisualViewport: 1381 x 874
 🔍 ORIENTAÇÃO DEBUG: Document: 1381 x 874
 🔍 ORIENTAÇÃO DEBUG: ESCOLHIDO: 1381 x 874 | Portrait: false | Método: window.inner
 🔍 ORIENTAÇÃO DEBUG: Evento VISUALVIEWPORT CHANGE detectado
 🔍 ORIENTAÇÃO DEBUG: === MÚLTIPLAS DETECÇÕES ===
 🔍 ORIENTAÇÃO DEBUG: Window: 1381 x 874
 🔍 ORIENTAÇÃO DEBUG: Screen: 1920 x 1080
 🔍 ORIENTAÇÃO DEBUG: VisualViewport: 1381 x 874
 🔍 ORIENTAÇÃO DEBUG: Document: 1381 x 874
 🔍 ORIENTAÇÃO DEBUG: ESCOLHIDO: 1381 x 874 | Portrait: false | Método: window.inner
 🔍 ORIENTAÇÃO DEBUG: Evento RESIZE detectado
 🔍 ORIENTAÇÃO DEBUG: === MÚLTIPLAS DETECÇÕES ===
 🔍 ORIENTAÇÃO DEBUG: Window: 1372 x 874
 🔍 ORIENTAÇÃO DEBUG: Screen: 1920 x 1080
 🔍 ORIENTAÇÃO DEBUG: VisualViewport: 1372 x 874
 🔍 ORIENTAÇÃO DEBUG: Document: 1372 x 874
 🔍 ORIENTAÇÃO DEBUG: ESCOLHIDO: 1372 x 874 | Portrait: false | Método: window.inner
 🔍 ORIENTAÇÃO DEBUG: Evento RESIZE detectado
 🔍 ORIENTAÇÃO DEBUG: === MÚLTIPLAS DETECÇÕES ===
 🔍 ORIENTAÇÃO DEBUG: Window: 1372 x 874
 🔍 ORIENTAÇÃO DEBUG: Screen: 1920 x 1080
 🔍 ORIENTAÇÃO DEBUG: VisualViewport: 1372 x 874
 🔍 ORIENTAÇÃO DEBUG: Document: 1372 x 874
 🔍 ORIENTAÇÃO DEBUG: ESCOLHIDO: 1372 x 874 | Portrait: false | Método: window.inner
 🔍 ORIENTAÇÃO DEBUG: Evento VISUALVIEWPORT CHANGE detectado
 🔍 ORIENTAÇÃO DEBUG: === MÚLTIPLAS DETECÇÕES ===
 🔍 ORIENTAÇÃO DEBUG: Window: 1372 x 874
 🔍 ORIENTAÇÃO DEBUG: Screen: 1920 x 1080
 🔍 ORIENTAÇÃO DEBUG: VisualViewport: 1372 x 874
 🔍 ORIENTAÇÃO DEBUG: Document: 1372 x 874
 🔍 ORIENTAÇÃO DEBUG: ESCOLHIDO: 1372 x 874 | Portrait: false | Método: window.inner
 🔍 ORIENTAÇÃO DEBUG: Evento VISUALVIEWPORT CHANGE detectado
 🔍 ORIENTAÇÃO DEBUG: === MÚLTIPLAS DETECÇÕES ===
 🔍 ORIENTAÇÃO DEBUG: Window: 1372 x 874
 🔍 ORIENTAÇÃO DEBUG: Screen: 1920 x 1080
 🔍 ORIENTAÇÃO DEBUG: VisualViewport: 1372 x 874
 🔍 ORIENTAÇÃO DEBUG: Document: 1372 x 874
 🔍 ORIENTAÇÃO DEBUG: ESCOLHIDO: 1372 x 874 | Portrait: false | Método: window.inner
 🔍 ORIENTAÇÃO DEBUG: Evento RESIZE detectado
 🔍 ORIENTAÇÃO DEBUG: === MÚLTIPLAS DETECÇÕES ===
 🔍 ORIENTAÇÃO DEBUG: Window: 1338 x 874
 🔍 ORIENTAÇÃO DEBUG: Screen: 1920 x 1080
 🔍 ORIENTAÇÃO DEBUG: VisualViewport: 1338 x 874
 🔍 ORIENTAÇÃO DEBUG: Document: 1338 x 874
 🔍 ORIENTAÇÃO DEBUG: ESCOLHIDO: 1338 x 874 | Portrait: false | Método: window.inner
 🔍 ORIENTAÇÃO DEBUG: Evento RESIZE detectado
 🔍 ORIENTAÇÃO DEBUG: === MÚLTIPLAS DETECÇÕES ===
 🔍 ORIENTAÇÃO DEBUG: Window: 1338 x 874
 🔍 ORIENTAÇÃO DEBUG: Screen: 1920 x 1080
 🔍 ORIENTAÇÃO DEBUG: VisualViewport: 1338 x 874
 🔍 ORIENTAÇÃO DEBUG: Document: 1338 x 874
 🔍 ORIENTAÇÃO DEBUG: ESCOLHIDO: 1338 x 874 | Portrait: false | Método: window.inner
 🔍 ORIENTAÇÃO DEBUG: Evento VISUALVIEWPORT CHANGE detectado
 🔍 ORIENTAÇÃO DEBUG: === MÚLTIPLAS DETECÇÕES ===
 🔍 ORIENTAÇÃO DEBUG: Window: 1338 x 874
 🔍 ORIENTAÇÃO DEBUG: Screen: 1920 x 1080
 🔍 ORIENTAÇÃO DEBUG: VisualViewport: 1338 x 874
 🔍 ORIENTAÇÃO DEBUG: Document: 1338 x 874
 🔍 ORIENTAÇÃO DEBUG: ESCOLHIDO: 1338 x 874 | Portrait: false | Método: window.inner
 🔍 ORIENTAÇÃO DEBUG: Evento VISUALVIEWPORT CHANGE detectado
 🔍 ORIENTAÇÃO DEBUG: === MÚLTIPLAS DETECÇÕES ===
 🔍 ORIENTAÇÃO DEBUG: Window: 1338 x 874
 🔍 ORIENTAÇÃO DEBUG: Screen: 1920 x 1080
 🔍 ORIENTAÇÃO DEBUG: VisualViewport: 1338 x 874
 🔍 ORIENTAÇÃO DEBUG: Document: 1338 x 874
 🔍 ORIENTAÇÃO DEBUG: ESCOLHIDO: 1338 x 874 | Portrait: false | Método: window.inner
 🔍 ORIENTAÇÃO DEBUG: Evento RESIZE detectado
 🔍 ORIENTAÇÃO DEBUG: === MÚLTIPLAS DETECÇÕES ===
 🔍 ORIENTAÇÃO DEBUG: Window: 1294 x 874
 🔍 ORIENTAÇÃO DEBUG: Screen: 1920 x 1080
 🔍 ORIENTAÇÃO DEBUG: VisualViewport: 1294 x 874
 🔍 ORIENTAÇÃO DEBUG: Document: 1294 x 874
 🔍 ORIENTAÇÃO DEBUG: ESCOLHIDO: 1294 x 874 | Portrait: false | Método: window.inner
 🔍 ORIENTAÇÃO DEBUG: Evento RESIZE detectado
 🔍 ORIENTAÇÃO DEBUG: === MÚLTIPLAS DETECÇÕES ===
 🔍 ORIENTAÇÃO DEBUG: Window: 1294 x 874
 🔍 ORIENTAÇÃO DEBUG: Screen: 1920 x 1080
 🔍 ORIENTAÇÃO DEBUG: VisualViewport: 1294 x 874
 🔍 ORIENTAÇÃO DEBUG: Document: 1294 x 874
 🔍 ORIENTAÇÃO DEBUG: ESCOLHIDO: 1294 x 874 | Portrait: false | Método: window.inner
 🔍 ORIENTAÇÃO DEBUG: Evento VISUALVIEWPORT CHANGE detectado
 🔍 ORIENTAÇÃO DEBUG: === MÚLTIPLAS DETECÇÕES ===
 🔍 ORIENTAÇÃO DEBUG: Window: 1294 x 874
 🔍 ORIENTAÇÃO DEBUG: Screen: 1920 x 1080
 🔍 ORIENTAÇÃO DEBUG: VisualViewport: 1294 x 874
 🔍 ORIENTAÇÃO DEBUG: Document: 1294 x 874
 🔍 ORIENTAÇÃO DEBUG: ESCOLHIDO: 1294 x 874 | Portrait: false | Método: window.inner
 🔍 ORIENTAÇÃO DEBUG: Evento VISUALVIEWPORT CHANGE detectado
 🔍 ORIENTAÇÃO DEBUG: === MÚLTIPLAS DETECÇÕES ===
 🔍 ORIENTAÇÃO DEBUG: Window: 1294 x 874
 🔍 ORIENTAÇÃO DEBUG: Screen: 1920 x 1080
 🔍 ORIENTAÇÃO DEBUG: VisualViewport: 1294 x 874
 🔍 ORIENTAÇÃO DEBUG: Document: 1294 x 874
 🔍 ORIENTAÇÃO DEBUG: ESCOLHIDO: 1294 x 874 | Portrait: false | Método: window.inner
useOrientationDetection.ts:69 🔍 ORIENTAÇÃO DEBUG: Evento RESIZE detectado
useOrientationDetection.ts:38 🔍 ORIENTAÇÃO DEBUG: === MÚLTIPLAS DETECÇÕES ===
useOrientationDetection.ts:39 🔍 ORIENTAÇÃO DEBUG: Window: 1205 x 874
useOrientationDetection.ts:40 🔍 ORIENTAÇÃO DEBUG: Screen: 1920 x 1080
useOrientationDetection.ts:41 🔍 ORIENTAÇÃO DEBUG: VisualViewport: 1205 x 874
useOrientationDetection.ts:42 🔍 ORIENTAÇÃO DEBUG: Document: 1205 x 874
useOrientationDetection.ts:53 🔍 ORIENTAÇÃO DEBUG: ESCOLHIDO: 1205 x 874 | Portrait: false | Método: window.inner
useOrientationDetection.ts:69 🔍 ORIENTAÇÃO DEBUG: Evento RESIZE detectado
useOrientationDetection.ts:38 🔍 ORIENTAÇÃO DEBUG: === MÚLTIPLAS DETECÇÕES ===
useOrientationDetection.ts:39 🔍 ORIENTAÇÃO DEBUG: Window: 1205 x 874
useOrientationDetection.ts:40 🔍 ORIENTAÇÃO DEBUG: Screen: 1920 x 1080
useOrientationDetection.ts:41 🔍 ORIENTAÇÃO DEBUG: VisualViewport: 1205 x 874
useOrientationDetection.ts:42 🔍 ORIENTAÇÃO DEBUG: Document: 1205 x 874
useOrientationDetection.ts:53 🔍 ORIENTAÇÃO DEBUG: ESCOLHIDO: 1205 x 874 | Portrait: false | Método: window.inner
useOrientationDetection.ts:80 🔍 ORIENTAÇÃO DEBUG: Evento VISUALVIEWPORT CHANGE detectado
useOrientationDetection.ts:38 🔍 ORIENTAÇÃO DEBUG: === MÚLTIPLAS DETECÇÕES ===
useOrientationDetection.ts:39 🔍 ORIENTAÇÃO DEBUG: Window: 1205 x 874
useOrientationDetection.ts:40 🔍 ORIENTAÇÃO DEBUG: Screen: 1920 x 1080
useOrientationDetection.ts:41 🔍 ORIENTAÇÃO DEBUG: VisualViewport: 1205 x 874
useOrientationDetection.ts:42 🔍 ORIENTAÇÃO DEBUG: Document: 1205 x 874
useOrientationDetection.ts:53 🔍 ORIENTAÇÃO DEBUG: ESCOLHIDO: 1205 x 874 | Portrait: false | Método: window.inner
useOrientationDetection.ts:80 🔍 ORIENTAÇÃO DEBUG: Evento VISUALVIEWPORT CHANGE detectado
useOrientationDetection.ts:38 🔍 ORIENTAÇÃO DEBUG: === MÚLTIPLAS DETECÇÕES ===
useOrientationDetection.ts:39 🔍 ORIENTAÇÃO DEBUG: Window: 1205 x 874
useOrientationDetection.ts:40 🔍 ORIENTAÇÃO DEBUG: Screen: 1920 x 1080
useOrientationDetection.ts:41 🔍 ORIENTAÇÃO DEBUG: VisualViewport: 1205 x 874
useOrientationDetection.ts:42 🔍 ORIENTAÇÃO DEBUG: Document: 1205 x 874
useOrientationDetection.ts:53 🔍 ORIENTAÇÃO DEBUG: ESCOLHIDO: 1205 x 874 | Portrait: false | Método: window.inner
useOrientationDetection.ts:69 🔍 ORIENTAÇÃO DEBUG: Evento RESIZE detectado
useOrientationDetection.ts:38 🔍 ORIENTAÇÃO DEBUG: === MÚLTIPLAS DETECÇÕES ===
useOrientationDetection.ts:39 🔍 ORIENTAÇÃO DEBUG: Window: 1085 x 874
useOrientationDetection.ts:40 🔍 ORIENTAÇÃO DEBUG: Screen: 1920 x 1080
useOrientationDetection.ts:41 🔍 ORIENTAÇÃO DEBUG: VisualViewport: 1085 x 874
useOrientationDetection.ts:42 🔍 ORIENTAÇÃO DEBUG: Document: 1085 x 874
useOrientationDetection.ts:53 🔍 ORIENTAÇÃO DEBUG: ESCOLHIDO: 1085 x 874 | Portrait: false | Método: window.inner
useOrientationDetection.ts:69 🔍 ORIENTAÇÃO DEBUG: Evento RESIZE detectado
useOrientationDetection.ts:38 🔍 ORIENTAÇÃO DEBUG: === MÚLTIPLAS DETECÇÕES ===
useOrientationDetection.ts:39 🔍 ORIENTAÇÃO DEBUG: Window: 1085 x 874
useOrientationDetection.ts:40 🔍 ORIENTAÇÃO DEBUG: Screen: 1920 x 1080
useOrientationDetection.ts:41 🔍 ORIENTAÇÃO DEBUG: VisualViewport: 1085 x 874
useOrientationDetection.ts:42 🔍 ORIENTAÇÃO DEBUG: Document: 1085 x 874
useOrientationDetection.ts:53 🔍 ORIENTAÇÃO DEBUG: ESCOLHIDO: 1085 x 874 | Portrait: false | Método: window.inner
useOrientationDetection.ts:80 🔍 ORIENTAÇÃO DEBUG: Evento VISUALVIEWPORT CHANGE detectado
useOrientationDetection.ts:38 🔍 ORIENTAÇÃO DEBUG: === MÚLTIPLAS DETECÇÕES ===
useOrientationDetection.ts:39 🔍 ORIENTAÇÃO DEBUG: Window: 1085 x 874
useOrientationDetection.ts:40 🔍 ORIENTAÇÃO DEBUG: Screen: 1920 x 1080
useOrientationDetection.ts:41 🔍 ORIENTAÇÃO DEBUG: VisualViewport: 1085 x 874
useOrientationDetection.ts:42 🔍 ORIENTAÇÃO DEBUG: Document: 1085 x 874
useOrientationDetection.ts:53 🔍 ORIENTAÇÃO DEBUG: ESCOLHIDO: 1085 x 874 | Portrait: false | Método: window.inner
useOrientationDetection.ts:80 🔍 ORIENTAÇÃO DEBUG: Evento VISUALVIEWPORT CHANGE detectado
useOrientationDetection.ts:38 🔍 ORIENTAÇÃO DEBUG: === MÚLTIPLAS DETECÇÕES ===
useOrientationDetection.ts:39 🔍 ORIENTAÇÃO DEBUG: Window: 1085 x 874
useOrientationDetection.ts:40 🔍 ORIENTAÇÃO DEBUG: Screen: 1920 x 1080
useOrientationDetection.ts:41 🔍 ORIENTAÇÃO DEBUG: VisualViewport: 1085 x 874
useOrientationDetection.ts:42 🔍 ORIENTAÇÃO DEBUG: Document: 1085 x 874
useOrientationDetection.ts:53 🔍 ORIENTAÇÃO DEBUG: ESCOLHIDO: 1085 x 874 | Portrait: false | Método: window.inner
 🔍 ORIENTAÇÃO DEBUG: Evento RESIZE detectado
 🔍 ORIENTAÇÃO DEBUG: === MÚLTIPLAS DETECÇÕES ===
useOrientationDetection.ts:39 🔍 ORIENTAÇÃO DEBUG: Window: 937 x 874
useOrientationDetection.ts:40 🔍 ORIENTAÇÃO DEBUG: Screen: 1920 x 1080
useOrientationDetection.ts:41 🔍 ORIENTAÇÃO DEBUG: VisualViewport: 937 x 874
useOrientationDetection.ts:42 🔍 ORIENTAÇÃO DEBUG: Document: 937 x 874
useOrientationDetection.ts:53 🔍 ORIENTAÇÃO DEBUG: ESCOLHIDO: 937 x 874 | Portrait: false | Método: window.inner
App.tsx:868 isMobile: false
App.tsx:869 isTablet: true
useOrientationDetection.ts:69 🔍 ORIENTAÇÃO DEBUG: Evento RESIZE detectado
useOrientationDetection.ts:38 🔍 ORIENTAÇÃO DEBUG: === MÚLTIPLAS DETECÇÕES ===
useOrientationDetection.ts:39 🔍 ORIENTAÇÃO DEBUG: Window: 937 x 874
useOrientationDetection.ts:40 🔍 ORIENTAÇÃO DEBUG: Screen: 1920 x 1080
useOrientationDetection.ts:41 🔍 ORIENTAÇÃO DEBUG: VisualViewport: 937 x 874
useOrientationDetection.ts:42 🔍 ORIENTAÇÃO DEBUG: Document: 937 x 874
useOrientationDetection.ts:53 🔍 ORIENTAÇÃO DEBUG: ESCOLHIDO: 937 x 874 | Portrait: false | Método: window.inner
useOrientationDetection.ts:80 🔍 ORIENTAÇÃO DEBUG: Evento VISUALVIEWPORT CHANGE detectado
useOrientationDetection.ts:38 🔍 ORIENTAÇÃO DEBUG: === MÚLTIPLAS DETECÇÕES ===
useOrientationDetection.ts:39 🔍 ORIENTAÇÃO DEBUG: Window: 937 x 874
useOrientationDetection.ts:40 🔍 ORIENTAÇÃO DEBUG: Screen: 1920 x 1080
useOrientationDetection.ts:41 🔍 ORIENTAÇÃO DEBUG: VisualViewport: 937 x 874
useOrientationDetection.ts:42 🔍 ORIENTAÇÃO DEBUG: Document: 937 x 874
useOrientationDetection.ts:53 🔍 ORIENTAÇÃO DEBUG: ESCOLHIDO: 937 x 874 | Portrait: false | Método: window.inner
useOrientationDetection.ts:80 🔍 ORIENTAÇÃO DEBUG: Evento VISUALVIEWPORT CHANGE detectado
useOrientationDetection.ts:38 🔍 ORIENTAÇÃO DEBUG: === MÚLTIPLAS DETECÇÕES ===
useOrientationDetection.ts:39 🔍 ORIENTAÇÃO DEBUG: Window: 937 x 874
useOrientationDetection.ts:40 🔍 ORIENTAÇÃO DEBUG: Screen: 1920 x 1080
useOrientationDetection.ts:41 🔍 ORIENTAÇÃO DEBUG: VisualViewport: 937 x 874
useOrientationDetection.ts:42 🔍 ORIENTAÇÃO DEBUG: Document: 937 x 874
useOrientationDetection.ts:53 🔍 ORIENTAÇÃO DEBUG: ESCOLHIDO: 937 x 874 | Portrait: false | Método: window.inner
useOrientationDetection.ts:69 🔍 ORIENTAÇÃO DEBUG: Evento RESIZE detectado
useOrientationDetection.ts:38 🔍 ORIENTAÇÃO DEBUG: === MÚLTIPLAS DETECÇÕES ===
useOrientationDetection.ts:39 🔍 ORIENTAÇÃO DEBUG: Window: 912 x 874
useOrientationDetection.ts:40 🔍 ORIENTAÇÃO DEBUG: Screen: 1920 x 1080
useOrientationDetection.ts:41 🔍 ORIENTAÇÃO DEBUG: VisualViewport: 912 x 874
useOrientationDetection.ts:42 🔍 ORIENTAÇÃO DEBUG: Document: 912 x 874
useOrientationDetection.ts:53 🔍 ORIENTAÇÃO DEBUG: ESCOLHIDO: 912 x 874 | Portrait: false | Método: window.inner
useOrientationDetection.ts:69 🔍 ORIENTAÇÃO DEBUG: Evento RESIZE detectado
useOrientationDetection.ts:38 🔍 ORIENTAÇÃO DEBUG: === MÚLTIPLAS DETECÇÕES ===
useOrientationDetection.ts:39 🔍 ORIENTAÇÃO DEBUG: Window: 912 x 874
useOrientationDetection.ts:40 🔍 ORIENTAÇÃO DEBUG: Screen: 1920 x 1080
useOrientationDetection.ts:41 🔍 ORIENTAÇÃO DEBUG: VisualViewport: 912 x 874
useOrientationDetection.ts:42 🔍 ORIENTAÇÃO DEBUG: Document: 912 x 874
useOrientationDetection.ts:53 🔍 ORIENTAÇÃO DEBUG: ESCOLHIDO: 912 x 874 | Portrait: false | Método: window.inner
useOrientationDetection.ts:80 🔍 ORIENTAÇÃO DEBUG: Evento VISUALVIEWPORT CHANGE detectado
useOrientationDetection.ts:38 🔍 ORIENTAÇÃO DEBUG: === MÚLTIPLAS DETECÇÕES ===
useOrientationDetection.ts:39 🔍 ORIENTAÇÃO DEBUG: Window: 912 x 874
useOrientationDetection.ts:40 🔍 ORIENTAÇÃO DEBUG: Screen: 1920 x 1080
useOrientationDetection.ts:41 🔍 ORIENTAÇÃO DEBUG: VisualViewport: 912 x 874
useOrientationDetection.ts:42 🔍 ORIENTAÇÃO DEBUG: Document: 912 x 874
useOrientationDetection.ts:53 🔍 ORIENTAÇÃO DEBUG: ESCOLHIDO: 912 x 874 | Portrait: false | Método: window.inner
useOrientationDetection.ts:80 🔍 ORIENTAÇÃO DEBUG: Evento VISUALVIEWPORT CHANGE detectado
useOrientationDetection.ts:38 🔍 ORIENTAÇÃO DEBUG: === MÚLTIPLAS DETECÇÕES ===
useOrientationDetection.ts:39 🔍 ORIENTAÇÃO DEBUG: Window: 912 x 874
useOrientationDetection.ts:40 🔍 ORIENTAÇÃO DEBUG: Screen: 1920 x 1080
useOrientationDetection.ts:41 🔍 ORIENTAÇÃO DEBUG: VisualViewport: 912 x 874
useOrientationDetection.ts:42 🔍 ORIENTAÇÃO DEBUG: Document: 912 x 874
useOrientationDetection.ts:53 🔍 ORIENTAÇÃO DEBUG: ESCOLHIDO: 912 x 874 | Portrait: false | Método: window.inner
useOrientationDetection.ts:69 🔍 ORIENTAÇÃO DEBUG: Evento RESIZE detectado
useOrientationDetection.ts:38 🔍 ORIENTAÇÃO DEBUG: === MÚLTIPLAS DETECÇÕES ===
useOrientationDetection.ts:39 🔍 ORIENTAÇÃO DEBUG: Window: 911 x 874
useOrientationDetection.ts:40 🔍 ORIENTAÇÃO DEBUG: Screen: 1920 x 1080
useOrientationDetection.ts:41 🔍 ORIENTAÇÃO DEBUG: VisualViewport: 911 x 874
useOrientationDetection.ts:42 🔍 ORIENTAÇÃO DEBUG: Document: 911 x 874
useOrientationDetection.ts:53 🔍 ORIENTAÇÃO DEBUG: ESCOLHIDO: 911 x 874 | Portrait: false | Método: window.inner
useOrientationDetection.ts:69 🔍 ORIENTAÇÃO DEBUG: Evento RESIZE detectado
useOrientationDetection.ts:38 🔍 ORIENTAÇÃO DEBUG: === MÚLTIPLAS DETECÇÕES ===
useOrientationDetection.ts:39 🔍 ORIENTAÇÃO DEBUG: Window: 911 x 874
useOrientationDetection.ts:40 🔍 ORIENTAÇÃO DEBUG: Screen: 1920 x 1080
useOrientationDetection.ts:41 🔍 ORIENTAÇÃO DEBUG: VisualViewport: 911 x 874
useOrientationDetection.ts:42 🔍 ORIENTAÇÃO DEBUG: Document: 911 x 874
useOrientationDetection.ts:53 🔍 ORIENTAÇÃO DEBUG: ESCOLHIDO: 911 x 874 | Portrait: false | Método: window.inner
useOrientationDetection.ts:80 🔍 ORIENTAÇÃO DEBUG: Evento VISUALVIEWPORT CHANGE detectado
useOrientationDetection.ts:38 🔍 ORIENTAÇÃO DEBUG: === MÚLTIPLAS DETECÇÕES ===
useOrientationDetection.ts:39 🔍 ORIENTAÇÃO DEBUG: Window: 911 x 874
useOrientationDetection.ts:40 🔍 ORIENTAÇÃO DEBUG: Screen: 1920 x 1080
useOrientationDetection.ts:41 🔍 ORIENTAÇÃO DEBUG: VisualViewport: 911 x 874
useOrientationDetection.ts:42 🔍 ORIENTAÇÃO DEBUG: Document: 911 x 874
useOrientationDetection.ts:53 🔍 ORIENTAÇÃO DEBUG: ESCOLHIDO: 911 x 874 | Portrait: false | Método: window.inner
useOrientationDetection.ts:80 🔍 ORIENTAÇÃO DEBUG: Evento VISUALVIEWPORT CHANGE detectado
useOrientationDetection.ts:38 🔍 ORIENTAÇÃO DEBUG: === MÚLTIPLAS DETECÇÕES ===
useOrientationDetection.ts:39 🔍 ORIENTAÇÃO DEBUG: Window: 911 x 874
useOrientationDetection.ts:40 🔍 ORIENTAÇÃO DEBUG: Screen: 1920 x 1080
useOrientationDetection.ts:41 🔍 ORIENTAÇÃO DEBUG: VisualViewport: 911 x 874
useOrientationDetection.ts:42 🔍 ORIENTAÇÃO DEBUG: Document: 911 x 874
useOrientationDetection.ts:53 🔍 ORIENTAÇÃO DEBUG: ESCOLHIDO: 911 x 874 | Portrait: false | Método: window.inner
 🔍 ORIENTAÇÃO DEBUG: Evento RESIZE detectado
 🔍 ORIENTAÇÃO DEBUG: === MÚLTIPLAS DETECÇÕES ===
 🔍 ORIENTAÇÃO DEBUG: Window: 910 x 874
 🔍 ORIENTAÇÃO DEBUG: Screen: 1920 x 1080
 🔍 ORIENTAÇÃO DEBUG: VisualViewport: 910 x 874
 🔍 ORIENTAÇÃO DEBUG: Document: 910 x 874
 🔍 ORIENTAÇÃO DEBUG: ESCOLHIDO: 910 x 874 | Portrait: false | Método: window.inner
 🔍 ORIENTAÇÃO DEBUG: Evento RESIZE detectado
 🔍 ORIENTAÇÃO DEBUG: === MÚLTIPLAS DETECÇÕES ===
 🔍 ORIENTAÇÃO DEBUG: Window: 910 x 874
 🔍 ORIENTAÇÃO DEBUG: Screen: 1920 x 1080
 🔍 ORIENTAÇÃO DEBUG: VisualViewport: 910 x 874
 🔍 ORIENTAÇÃO DEBUG: Document: 910 x 874
 🔍 ORIENTAÇÃO DEBUG: ESCOLHIDO: 910 x 874 | Portrait: false | Método: window.inner
 🔍 ORIENTAÇÃO DEBUG: Evento VISUALVIEWPORT CHANGE detectado
 🔍 ORIENTAÇÃO DEBUG: === MÚLTIPLAS DETECÇÕES ===
 🔍 ORIENTAÇÃO DEBUG: Window: 910 x 874
 🔍 ORIENTAÇÃO DEBUG: Screen: 1920 x 1080
 🔍 ORIENTAÇÃO DEBUG: VisualViewport: 910 x 874
 🔍 ORIENTAÇÃO DEBUG: Document: 910 x 874
 🔍 ORIENTAÇÃO DEBUG: ESCOLHIDO: 910 x 874 | Portrait: false | Método: window.inner
 🔍 ORIENTAÇÃO DEBUG: Evento VISUALVIEWPORT CHANGE detectado
 🔍 ORIENTAÇÃO DEBUG: === MÚLTIPLAS DETECÇÕES ===
 🔍 ORIENTAÇÃO DEBUG: Window: 910 x 874
 🔍 ORIENTAÇÃO DEBUG: Screen: 1920 x 1080
 🔍 ORIENTAÇÃO DEBUG: VisualViewport: 910 x 874
 🔍 ORIENTAÇÃO DEBUG: Document: 910 x 874
 🔍 ORIENTAÇÃO DEBUG: ESCOLHIDO: 910 x 874 | Portrait: false | Método: window.inner
useOrientationDetection.ts:69 🔍 ORIENTAÇÃO DEBUG: Evento RESIZE detectado
useOrientationDetection.ts:38 🔍 ORIENTAÇÃO DEBUG: === MÚLTIPLAS DETECÇÕES ===
useOrientationDetection.ts:39 🔍 ORIENTAÇÃO DEBUG: Window: 905 x 874
useOrientationDetection.ts:40 🔍 ORIENTAÇÃO DEBUG: Screen: 1920 x 1080
useOrientationDetection.ts:41 🔍 ORIENTAÇÃO DEBUG: VisualViewport: 905 x 874
useOrientationDetection.ts:42 🔍 ORIENTAÇÃO DEBUG: Document: 905 x 874
useOrientationDetection.ts:53 🔍 ORIENTAÇÃO DEBUG: ESCOLHIDO: 905 x 874 | Portrait: false | Método: window.inner
useOrientationDetection.ts:69 🔍 ORIENTAÇÃO DEBUG: Evento RESIZE detectado
useOrientationDetection.ts:38 🔍 ORIENTAÇÃO DEBUG: === MÚLTIPLAS DETECÇÕES ===
useOrientationDetection.ts:39 🔍 ORIENTAÇÃO DEBUG: Window: 905 x 874
useOrientationDetection.ts:40 🔍 ORIENTAÇÃO DEBUG: Screen: 1920 x 1080
useOrientationDetection.ts:41 🔍 ORIENTAÇÃO DEBUG: VisualViewport: 905 x 874
useOrientationDetection.ts:42 🔍 ORIENTAÇÃO DEBUG: Document: 905 x 874
useOrientationDetection.ts:53 🔍 ORIENTAÇÃO DEBUG: ESCOLHIDO: 905 x 874 | Portrait: false | Método: window.inner
useOrientationDetection.ts:80 🔍 ORIENTAÇÃO DEBUG: Evento VISUALVIEWPORT CHANGE detectado
useOrientationDetection.ts:38 🔍 ORIENTAÇÃO DEBUG: === MÚLTIPLAS DETECÇÕES ===
useOrientationDetection.ts:39 🔍 ORIENTAÇÃO DEBUG: Window: 905 x 874
useOrientationDetection.ts:40 🔍 ORIENTAÇÃO DEBUG: Screen: 1920 x 1080
useOrientationDetection.ts:41 🔍 ORIENTAÇÃO DEBUG: VisualViewport: 905 x 874
useOrientationDetection.ts:42 🔍 ORIENTAÇÃO DEBUG: Document: 905 x 874
useOrientationDetection.ts:53 🔍 ORIENTAÇÃO DEBUG: ESCOLHIDO: 905 x 874 | Portrait: false | Método: window.inner
useOrientationDetection.ts:80 🔍 ORIENTAÇÃO DEBUG: Evento VISUALVIEWPORT CHANGE detectado
useOrientationDetection.ts:38 🔍 ORIENTAÇÃO DEBUG: === MÚLTIPLAS DETECÇÕES ===
useOrientationDetection.ts:39 🔍 ORIENTAÇÃO DEBUG: Window: 905 x 874
useOrientationDetection.ts:40 🔍 ORIENTAÇÃO DEBUG: Screen: 1920 x 1080
useOrientationDetection.ts:41 🔍 ORIENTAÇÃO DEBUG: VisualViewport: 905 x 874
useOrientationDetection.ts:42 🔍 ORIENTAÇÃO DEBUG: Document: 905 x 874
useOrientationDetection.ts:53 🔍 ORIENTAÇÃO DEBUG: ESCOLHIDO: 905 x 874 | Portrait: false | Método: window.inner
 🔍 ORIENTAÇÃO DEBUG: Evento RESIZE detectado
 🔍 ORIENTAÇÃO DEBUG: === MÚLTIPLAS DETECÇÕES ===
 🔍 ORIENTAÇÃO DEBUG: Window: 904 x 874
 🔍 ORIENTAÇÃO DEBUG: Screen: 1920 x 1080
 🔍 ORIENTAÇÃO DEBUG: VisualViewport: 904 x 874
 🔍 ORIENTAÇÃO DEBUG: Document: 904 x 874
 🔍 ORIENTAÇÃO DEBUG: ESCOLHIDO: 904 x 874 | Portrait: false | Método: window.inner
 🔍 ORIENTAÇÃO DEBUG: Evento RESIZE detectado
 🔍 ORIENTAÇÃO DEBUG: === MÚLTIPLAS DETECÇÕES ===
 🔍 ORIENTAÇÃO DEBUG: Window: 904 x 874
 🔍 ORIENTAÇÃO DEBUG: Screen: 1920 x 1080
 🔍 ORIENTAÇÃO DEBUG: VisualViewport: 904 x 874
 🔍 ORIENTAÇÃO DEBUG: Document: 904 x 874
 🔍 ORIENTAÇÃO DEBUG: ESCOLHIDO: 904 x 874 | Portrait: false | Método: window.inner
 🔍 ORIENTAÇÃO DEBUG: Evento VISUALVIEWPORT CHANGE detectado
 🔍 ORIENTAÇÃO DEBUG: === MÚLTIPLAS DETECÇÕES ===
 🔍 ORIENTAÇÃO DEBUG: Window: 904 x 874
 🔍 ORIENTAÇÃO DEBUG: Screen: 1920 x 1080
 🔍 ORIENTAÇÃO DEBUG: VisualViewport: 904 x 874
 🔍 ORIENTAÇÃO DEBUG: Document: 904 x 874
 🔍 ORIENTAÇÃO DEBUG: ESCOLHIDO: 904 x 874 | Portrait: false | Método: window.inner
 🔍 ORIENTAÇÃO DEBUG: Evento VISUALVIEWPORT CHANGE detectado
 🔍 ORIENTAÇÃO DEBUG: === MÚLTIPLAS DETECÇÕES ===
 🔍 ORIENTAÇÃO DEBUG: Window: 904 x 874
 🔍 ORIENTAÇÃO DEBUG: Screen: 1920 x 1080
 🔍 ORIENTAÇÃO DEBUG: VisualViewport: 904 x 874
 🔍 ORIENTAÇÃO DEBUG: Document: 904 x 874
 🔍 ORIENTAÇÃO DEBUG: ESCOLHIDO: 904 x 874 | Portrait: false | Método: window.inner
 🔍 ORIENTAÇÃO DEBUG: Evento RESIZE detectado
 🔍 ORIENTAÇÃO DEBUG: === MÚLTIPLAS DETECÇÕES ===
 🔍 ORIENTAÇÃO DEBUG: Window: 902 x 874
 🔍 ORIENTAÇÃO DEBUG: Screen: 1920 x 1080
 🔍 ORIENTAÇÃO DEBUG: VisualViewport: 902 x 874
 🔍 ORIENTAÇÃO DEBUG: Document: 902 x 874
 🔍 ORIENTAÇÃO DEBUG: ESCOLHIDO: 902 x 874 | Portrait: false | Método: window.inner
 🔍 ORIENTAÇÃO DEBUG: Evento RESIZE detectado
 🔍 ORIENTAÇÃO DEBUG: === MÚLTIPLAS DETECÇÕES ===
 🔍 ORIENTAÇÃO DEBUG: Window: 902 x 874
 🔍 ORIENTAÇÃO DEBUG: Screen: 1920 x 1080
 🔍 ORIENTAÇÃO DEBUG: VisualViewport: 902 x 874
 🔍 ORIENTAÇÃO DEBUG: Document: 902 x 874
 🔍 ORIENTAÇÃO DEBUG: ESCOLHIDO: 902 x 874 | Portrait: false | Método: window.inner
 🔍 ORIENTAÇÃO DEBUG: Evento VISUALVIEWPORT CHANGE detectado
 🔍 ORIENTAÇÃO DEBUG: === MÚLTIPLAS DETECÇÕES ===
 🔍 ORIENTAÇÃO DEBUG: Window: 902 x 874
 🔍 ORIENTAÇÃO DEBUG: Screen: 1920 x 1080
 🔍 ORIENTAÇÃO DEBUG: VisualViewport: 902 x 874
 🔍 ORIENTAÇÃO DEBUG: Document: 902 x 874
 🔍 ORIENTAÇÃO DEBUG: ESCOLHIDO: 902 x 874 | Portrait: false | Método: window.inner
 🔍 ORIENTAÇÃO DEBUG: Evento VISUALVIEWPORT CHANGE detectado
 🔍 ORIENTAÇÃO DEBUG: === MÚLTIPLAS DETECÇÕES ===
 🔍 ORIENTAÇÃO DEBUG: Window: 902 x 874
 🔍 ORIENTAÇÃO DEBUG: Screen: 1920 x 1080
 🔍 ORIENTAÇÃO DEBUG: VisualViewport: 902 x 874
 🔍 ORIENTAÇÃO DEBUG: Document: 902 x 874
 🔍 ORIENTAÇÃO DEBUG: ESCOLHIDO: 902 x 874 | Portrait: false | Método: window.inner
 🔍 ORIENTAÇÃO DEBUG: Evento RESIZE detectado
 🔍 ORIENTAÇÃO DEBUG: === MÚLTIPLAS DETECÇÕES ===
 🔍 ORIENTAÇÃO DEBUG: Window: 900 x 874
 🔍 ORIENTAÇÃO DEBUG: Screen: 1920 x 1080
 🔍 ORIENTAÇÃO DEBUG: VisualViewport: 900 x 874
 🔍 ORIENTAÇÃO DEBUG: Document: 900 x 874
 🔍 ORIENTAÇÃO DEBUG: ESCOLHIDO: 900 x 874 | Portrait: false | Método: window.inner
 🔍 ORIENTAÇÃO DEBUG: Evento RESIZE detectado
 🔍 ORIENTAÇÃO DEBUG: === MÚLTIPLAS DETECÇÕES ===
 🔍 ORIENTAÇÃO DEBUG: Window: 900 x 874
 🔍 ORIENTAÇÃO DEBUG: Screen: 1920 x 1080
 🔍 ORIENTAÇÃO DEBUG: VisualViewport: 900 x 874
 🔍 ORIENTAÇÃO DEBUG: Document: 900 x 874
 🔍 ORIENTAÇÃO DEBUG: ESCOLHIDO: 900 x 874 | Portrait: false | Método: window.inner
 🔍 ORIENTAÇÃO DEBUG: Evento VISUALVIEWPORT CHANGE detectado
 🔍 ORIENTAÇÃO DEBUG: === MÚLTIPLAS DETECÇÕES ===
 🔍 ORIENTAÇÃO DEBUG: Window: 900 x 874
 🔍 ORIENTAÇÃO DEBUG: Screen: 1920 x 1080
 🔍 ORIENTAÇÃO DEBUG: VisualViewport: 900 x 874
 🔍 ORIENTAÇÃO DEBUG: Document: 900 x 874
 🔍 ORIENTAÇÃO DEBUG: ESCOLHIDO: 900 x 874 | Portrait: false | Método: window.inner
 🔍 ORIENTAÇÃO DEBUG: Evento VISUALVIEWPORT CHANGE detectado
 🔍 ORIENTAÇÃO DEBUG: === MÚLTIPLAS DETECÇÕES ===
 🔍 ORIENTAÇÃO DEBUG: Window: 900 x 874
 🔍 ORIENTAÇÃO DEBUG: Screen: 1920 x 1080
 🔍 ORIENTAÇÃO DEBUG: VisualViewport: 900 x 874
 🔍 ORIENTAÇÃO DEBUG: Document: 900 x 874
 🔍 ORIENTAÇÃO DEBUG: ESCOLHIDO: 900 x 874 | Portrait: false | Método: window.inner
 🔍 ORIENTAÇÃO DEBUG: Evento RESIZE detectado
 🔍 ORIENTAÇÃO DEBUG: === MÚLTIPLAS DETECÇÕES ===
 🔍 ORIENTAÇÃO DEBUG: Window: 899 x 874
 🔍 ORIENTAÇÃO DEBUG: Screen: 1920 x 1080
 🔍 ORIENTAÇÃO DEBUG: VisualViewport: 899 x 874
 🔍 ORIENTAÇÃO DEBUG: Document: 899 x 874
 🔍 ORIENTAÇÃO DEBUG: ESCOLHIDO: 899 x 874 | Portrait: false | Método: window.inner
 🔍 ORIENTAÇÃO DEBUG: Evento RESIZE detectado
 🔍 ORIENTAÇÃO DEBUG: === MÚLTIPLAS DETECÇÕES ===
 🔍 ORIENTAÇÃO DEBUG: Window: 899 x 874
 🔍 ORIENTAÇÃO DEBUG: Screen: 1920 x 1080
 🔍 ORIENTAÇÃO DEBUG: VisualViewport: 899 x 874
 🔍 ORIENTAÇÃO DEBUG: Document: 899 x 874
 🔍 ORIENTAÇÃO DEBUG: ESCOLHIDO: 899 x 874 | Portrait: false | Método: window.inner
 🔍 ORIENTAÇÃO DEBUG: Evento VISUALVIEWPORT CHANGE detectado
 🔍 ORIENTAÇÃO DEBUG: === MÚLTIPLAS DETECÇÕES ===
 🔍 ORIENTAÇÃO DEBUG: Window: 899 x 874
 🔍 ORIENTAÇÃO DEBUG: Screen: 1920 x 1080
 🔍 ORIENTAÇÃO DEBUG: VisualViewport: 899 x 874
 🔍 ORIENTAÇÃO DEBUG: Document: 899 x 874
 🔍 ORIENTAÇÃO DEBUG: ESCOLHIDO: 899 x 874 | Portrait: false | Método: window.inner
 🔍 ORIENTAÇÃO DEBUG: Evento VISUALVIEWPORT CHANGE detectado
 🔍 ORIENTAÇÃO DEBUG: === MÚLTIPLAS DETECÇÕES ===
 🔍 ORIENTAÇÃO DEBUG: Window: 899 x 874
 🔍 ORIENTAÇÃO DEBUG: Screen: 1920 x 1080
 🔍 ORIENTAÇÃO DEBUG: VisualViewport: 899 x 874
 🔍 ORIENTAÇÃO DEBUG: Document: 899 x 874
 🔍 ORIENTAÇÃO DEBUG: ESCOLHIDO: 899 x 874 | Portrait: false | Método: window.inner
 🔍 ORIENTAÇÃO DEBUG: Evento RESIZE detectado
 🔍 ORIENTAÇÃO DEBUG: === MÚLTIPLAS DETECÇÕES ===
 🔍 ORIENTAÇÃO DEBUG: Window: 898 x 874
 🔍 ORIENTAÇÃO DEBUG: Screen: 1920 x 1080
 🔍 ORIENTAÇÃO DEBUG: VisualViewport: 898 x 874
 🔍 ORIENTAÇÃO DEBUG: Document: 898 x 874
 🔍 ORIENTAÇÃO DEBUG: ESCOLHIDO: 898 x 874 | Portrait: false | Método: window.inner
 🔍 ORIENTAÇÃO DEBUG: Evento RESIZE detectado
 🔍 ORIENTAÇÃO DEBUG: === MÚLTIPLAS DETECÇÕES ===
 🔍 ORIENTAÇÃO DEBUG: Window: 898 x 874
 🔍 ORIENTAÇÃO DEBUG: Screen: 1920 x 1080
 🔍 ORIENTAÇÃO DEBUG: VisualViewport: 898 x 874
 🔍 ORIENTAÇÃO DEBUG: Document: 898 x 874
 🔍 ORIENTAÇÃO DEBUG: ESCOLHIDO: 898 x 874 | Portrait: false | Método: window.inner
 🔍 ORIENTAÇÃO DEBUG: Evento VISUALVIEWPORT CHANGE detectado
 🔍 ORIENTAÇÃO DEBUG: === MÚLTIPLAS DETECÇÕES ===
 🔍 ORIENTAÇÃO DEBUG: Window: 898 x 874
 🔍 ORIENTAÇÃO DEBUG: Screen: 1920 x 1080
 🔍 ORIENTAÇÃO DEBUG: VisualViewport: 898 x 874
 🔍 ORIENTAÇÃO DEBUG: Document: 898 x 874
 🔍 ORIENTAÇÃO DEBUG: ESCOLHIDO: 898 x 874 | Portrait: false | Método: window.inner
 🔍 ORIENTAÇÃO DEBUG: Evento VISUALVIEWPORT CHANGE detectado
 🔍 ORIENTAÇÃO DEBUG: === MÚLTIPLAS DETECÇÕES ===
 🔍 ORIENTAÇÃO DEBUG: Window: 898 x 874
 🔍 ORIENTAÇÃO DEBUG: Screen: 1920 x 1080
 🔍 ORIENTAÇÃO DEBUG: VisualViewport: 898 x 874
 🔍 ORIENTAÇÃO DEBUG: Document: 898 x 874
 🔍 ORIENTAÇÃO DEBUG: ESCOLHIDO: 898 x 874 | Portrait: false | Método: window.inner
useOrientationDetection.ts:69 🔍 ORIENTAÇÃO DEBUG: Evento RESIZE detectado
useOrientationDetection.ts:38 🔍 ORIENTAÇÃO DEBUG: === MÚLTIPLAS DETECÇÕES ===
useOrientationDetection.ts:39 🔍 ORIENTAÇÃO DEBUG: Window: 896 x 874
useOrientationDetection.ts:40 🔍 ORIENTAÇÃO DEBUG: Screen: 1920 x 1080
useOrientationDetection.ts:41 🔍 ORIENTAÇÃO DEBUG: VisualViewport: 896 x 874
useOrientationDetection.ts:42 🔍 ORIENTAÇÃO DEBUG: Document: 896 x 874
useOrientationDetection.ts:53 🔍 ORIENTAÇÃO DEBUG: ESCOLHIDO: 896 x 874 | Portrait: false | Método: window.inner
useOrientationDetection.ts:69 🔍 ORIENTAÇÃO DEBUG: Evento RESIZE detectado
useOrientationDetection.ts:38 🔍 ORIENTAÇÃO DEBUG: === MÚLTIPLAS DETECÇÕES ===
useOrientationDetection.ts:39 🔍 ORIENTAÇÃO DEBUG: Window: 896 x 874
useOrientationDetection.ts:40 🔍 ORIENTAÇÃO DEBUG: Screen: 1920 x 1080
useOrientationDetection.ts:41 🔍 ORIENTAÇÃO DEBUG: VisualViewport: 896 x 874
useOrientationDetection.ts:42 🔍 ORIENTAÇÃO DEBUG: Document: 896 x 874
useOrientationDetection.ts:53 🔍 ORIENTAÇÃO DEBUG: ESCOLHIDO: 896 x 874 | Portrait: false | Método: window.inner
useOrientationDetection.ts:80 🔍 ORIENTAÇÃO DEBUG: Evento VISUALVIEWPORT CHANGE detectado
useOrientationDetection.ts:38 🔍 ORIENTAÇÃO DEBUG: === MÚLTIPLAS DETECÇÕES ===
useOrientationDetection.ts:39 🔍 ORIENTAÇÃO DEBUG: Window: 896 x 874
useOrientationDetection.ts:40 🔍 ORIENTAÇÃO DEBUG: Screen: 1920 x 1080
useOrientationDetection.ts:41 🔍 ORIENTAÇÃO DEBUG: VisualViewport: 896 x 874
useOrientationDetection.ts:42 🔍 ORIENTAÇÃO DEBUG: Document: 896 x 874
useOrientationDetection.ts:53 🔍 ORIENTAÇÃO DEBUG: ESCOLHIDO: 896 x 874 | Portrait: false | Método: window.inner
useOrientationDetection.ts:80 🔍 ORIENTAÇÃO DEBUG: Evento VISUALVIEWPORT CHANGE detectado
useOrientationDetection.ts:38 🔍 ORIENTAÇÃO DEBUG: === MÚLTIPLAS DETECÇÕES ===
useOrientationDetection.ts:39 🔍 ORIENTAÇÃO DEBUG: Window: 896 x 874
useOrientationDetection.ts:40 🔍 ORIENTAÇÃO DEBUG: Screen: 1920 x 1080
useOrientationDetection.ts:41 🔍 ORIENTAÇÃO DEBUG: VisualViewport: 896 x 874
useOrientationDetection.ts:42 🔍 ORIENTAÇÃO DEBUG: Document: 896 x 874
useOrientationDetection.ts:53 🔍 ORIENTAÇÃO DEBUG: ESCOLHIDO: 896 x 874 | Portrait: false | Método: window.inner
useOrientationDetection.ts:69 🔍 ORIENTAÇÃO DEBUG: Evento RESIZE detectado
useOrientationDetection.ts:38 🔍 ORIENTAÇÃO DEBUG: === MÚLTIPLAS DETECÇÕES ===
useOrientationDetection.ts:39 🔍 ORIENTAÇÃO DEBUG: Window: 890 x 874
useOrientationDetection.ts:40 🔍 ORIENTAÇÃO DEBUG: Screen: 1920 x 1080
useOrientationDetection.ts:41 🔍 ORIENTAÇÃO DEBUG: VisualViewport: 890 x 874
useOrientationDetection.ts:42 🔍 ORIENTAÇÃO DEBUG: Document: 890 x 874
useOrientationDetection.ts:53 🔍 ORIENTAÇÃO DEBUG: ESCOLHIDO: 890 x 874 | Portrait: false | Método: window.inner
useOrientationDetection.ts:69 🔍 ORIENTAÇÃO DEBUG: Evento RESIZE detectado
useOrientationDetection.ts:38 🔍 ORIENTAÇÃO DEBUG: === MÚLTIPLAS DETECÇÕES ===
useOrientationDetection.ts:39 🔍 ORIENTAÇÃO DEBUG: Window: 890 x 874
useOrientationDetection.ts:40 🔍 ORIENTAÇÃO DEBUG: Screen: 1920 x 1080
useOrientationDetection.ts:41 🔍 ORIENTAÇÃO DEBUG: VisualViewport: 890 x 874
useOrientationDetection.ts:42 🔍 ORIENTAÇÃO DEBUG: Document: 890 x 874
useOrientationDetection.ts:53 🔍 ORIENTAÇÃO DEBUG: ESCOLHIDO: 890 x 874 | Portrait: false | Método: window.inner
useOrientationDetection.ts:80 🔍 ORIENTAÇÃO DEBUG: Evento VISUALVIEWPORT CHANGE detectado
useOrientationDetection.ts:38 🔍 ORIENTAÇÃO DEBUG: === MÚLTIPLAS DETECÇÕES ===
useOrientationDetection.ts:39 🔍 ORIENTAÇÃO DEBUG: Window: 890 x 874
useOrientationDetection.ts:40 🔍 ORIENTAÇÃO DEBUG: Screen: 1920 x 1080
useOrientationDetection.ts:41 🔍 ORIENTAÇÃO DEBUG: VisualViewport: 890 x 874
useOrientationDetection.ts:42 🔍 ORIENTAÇÃO DEBUG: Document: 890 x 874
useOrientationDetection.ts:53 🔍 ORIENTAÇÃO DEBUG: ESCOLHIDO: 890 x 874 | Portrait: false | Método: window.inner
useOrientationDetection.ts:80 🔍 ORIENTAÇÃO DEBUG: Evento VISUALVIEWPORT CHANGE detectado
useOrientationDetection.ts:38 🔍 ORIENTAÇÃO DEBUG: === MÚLTIPLAS DETECÇÕES ===
useOrientationDetection.ts:39 🔍 ORIENTAÇÃO DEBUG: Window: 890 x 874
useOrientationDetection.ts:40 🔍 ORIENTAÇÃO DEBUG: Screen: 1920 x 1080
useOrientationDetection.ts:41 🔍 ORIENTAÇÃO DEBUG: VisualViewport: 890 x 874
useOrientationDetection.ts:42 🔍 ORIENTAÇÃO DEBUG: Document: 890 x 874
useOrientationDetection.ts:53 🔍 ORIENTAÇÃO DEBUG: ESCOLHIDO: 890 x 874 | Portrait: false | Método: window.inner
App.tsx:919 🐵 Macacos atualizados após 24 segundos
